pace_id,place_name,location,descript,time,parking,call,link,image,longitude,latitude,placename_onmap,regist_date,edit_date,likes,hashtag
PLACE_SEQ.NEXTVAL,황령산 봉수대,부산 부산진구 전포동 50-1,,매일 00:00 ~ 24:00,불가능,,https://place.map.kakao.com/8692767,https://via.placeholder.com/300x200?text=No+Place+Image,129.081975486375,35.1572485849507,황령산 봉수대,2025-02-19,2025-02-19,0,"#나들이, #드라이브명소, #벚꽃명소, #산책로, #이동약자접근, #일몰감상, #일출명소, #포토존"
PLACE_SEQ.NEXTVAL,문화공감 수정,부산 동구 홍곡로 75  (우)48785,,화~일 10:00 ~ 17:00 (입장시간 10:00 ~ 16:30),불가능,,https://place.map.kakao.com/771465406,https://t1.kakaocdn.net/thumb/T800x0.q50/?fname=http%3A%2F%2Ft1.daumcdn.net%2Flocalfiy%2FB4D1672B3A774AEA941B6F8DC9A59B15,129.042663472196,35.1257175166516,문화공감 수정,2025-02-19,2025-02-19,0,"#나들이, #포토존"
PLACE_SEQ.NEXTVAL,충렬사,부산 동래구 충렬대로 345  (우)47755,,매일 09:00 ~ 18:00,정보 없음,051-888-7211,https://place.map.kakao.com/9356168,https://t1.kakaocdn.net/thumb/T800x0.q50/?fname=https%3A%2F%2Fblog.kakaocdn.net%2Fdn%2FbOKYpo%2FbtszF2B8SDQ%2FULuIoN5UzEzV0Y7LCgxZe1%2Fimg.jpg,127.373790335296,35.4119952392576,충렬사,2025-02-19,2025-02-19,0,"#나들이, #단풍명소, #산책로, #포토존"
PLACE_SEQ.NEXTVAL,금정산성 동문,부산 금정구 동문로 38  (우)46237,,,정보 없음,051-519-4082,https://place.map.kakao.com/19265038,https://via.placeholder.com/300x200?text=No+Place+Image,129.063681936853,35.2454243820506,금정산성 동문,2025-02-19,2025-02-19,0,#일출명소
PLACE_SEQ.NEXTVAL,오랑대,부산 기장군 기장읍 연화리,,,정보 없음,,https://place.map.kakao.com/11650926,https://t1.kakaocdn.net/thumb/T800x0.q50/?fname=http%3A%2F%2Ft1.daumcdn.net%2Flocal%2FkakaomapPhoto%2Freview%2Fa339dcc3d6bea2591c83b024e79b4ad75601d18a%3Foriginal,129.228746011147,35.2059320697688,오랑대,2025-02-19,2025-02-19,0,"#나들이, #드라이브명소, #산책로, #일출명소"
PLACE_SEQ.NEXTVAL,금정산성 남문,부산 금정구 금성동,,,정보 없음,,https://place.map.kakao.com/19184328,https://t1.kakaocdn.net/thumb/T800x0.q50/?fname=http%3A%2F%2Ft1.daumcdn.net%2Flocal%2FkakaomapPhoto%2Freview%2Faa4247c1b00867c9e0cf1c12053ff5fe5612638f1472c5d91a27eee059b80881,129.069459721474,35.1940429075831,금정산성 남문,2025-02-19,2025-02-19,0,
PLACE_SEQ.NEXTVAL,동래읍성 북문,부산 동래구 복천동 538-1,,,정보 없음,,https://place.map.kakao.com/26860101,https://t1.kakaocdn.net/thumb/T800x0.q50/?fname=http%3A%2F%2Ft1.daumcdn.net%2Fplace%2FC287740E80F649ABA8B41BCF9040921B,129.089977034996,35.209709261377,동래읍성 북문,2025-02-19,2025-02-19,0,"#단풍명소, #산책로, #포토존"
PLACE_SEQ.NEXTVAL,외양포진지,부산 강서구 가덕해안로 1309  (우)46771,,,정보 없음,,https://place.map.kakao.com/25326647,https://t1.kakaocdn.net/thumb/T800x0.q50/?fname=http%3A%2F%2Ft1.daumcdn.net%2Flocal%2FkakaomapPhoto%2Freview%2Fb8f8121de5305980e8291e83b3c81a6c0fd17a24%3Foriginal,128.826103468178,35.0056074943439,외양포진지,2025-02-19,2025-02-19,0,#나들이
PLACE_SEQ.NEXTVAL,해월정,부산 해운대구 중동 산 42-25,,,정보 없음,,https://place.map.kakao.com/11284396,https://t1.kakaocdn.net/thumb/T800x0.q50/?fname=http%3A%2F%2Ft1.daumcdn.net%2Fcfile%2Ftistory%2F157772304CC276B35A,126.90963170684925,33.492262994490375,해월정,2025-02-19,2025-02-19,0,"#벚꽃명소, #산책로, #일출명소, #포토존"
PLACE_SEQ.NEXTVAL,연산동고분군,부산 연제구 연산동 산 90-19,,,정보 없음,,https://place.map.kakao.com/8013327,https://t1.kakaocdn.net/thumb/T800x0.q50/?fname=http%3A%2F%2Ft1.daumcdn.net%2Flocal%2FkakaomapPhoto%2Freview%2F0e6fbea22d24ab29b365b732a579854cb9168f6f%3Foriginal,129.091703757732,35.1866207843984,연산동고분군,2025-02-19,2025-02-19,0,"#나들이, #벚꽃명소, #산책로"
PLACE_SEQ.NEXTVAL,부산진성,부산 동구 자성로 99  (우)48746,,,정보 없음,,https://place.map.kakao.com/12736143,https://t1.kakaocdn.net/thumb/T800x0.q50/?fname=http%3A%2F%2Ft1.kakaocdn.net%2Ffiy_reboot%2Fplace%2FE3E14C5AD287417C9E2B0C2B1AE00022,129.060504655844,35.135706710384,부산진성,2025-02-19,2025-02-19,0,"#벚꽃명소, #산책로, #포토존"
PLACE_SEQ.NEXTVAL,금정산성 서문,부산 금정구 금성동 1097,,,정보 없음,,https://place.map.kakao.com/18305911,https://via.placeholder.com/300x200?text=No+Place+Image,129.088300086755,35.229109300905,금정산성 서문,2025-02-19,2025-02-19,0,
PLACE_SEQ.NEXTVAL,금정산성 북문,부산 금정구 금성동 1-13,,,정보 없음,,https://place.map.kakao.com/18305912,https://t1.kakaocdn.net/thumb/T800x0.q50/?fname=http%3A%2F%2Ft1.daumcdn.net%2Flocal%2FkakaomapPhoto%2Freview%2Fab2a62f61ec7fbded1185f8f380665c3d184dce2%3Foriginal,129.057507886804,35.2754693296476,금정산성 북문,2025-02-19,2025-02-19,0,"#나들이, #일출명소"
PLACE_SEQ.NEXTVAL,동래부동헌,부산 동래구 명륜로112번길 61  (우)47810,,,정보 없음,051-550-4081,https://place.map.kakao.com/12735901,https://t1.kakaocdn.net/thumb/T800x0.q50/?fname=http%3A%2F%2Ft1.daumcdn.net%2Fplace%2F01A6CB29DC81424FAD65DB8EEBD5924B,129.086286296649,35.2031296563799,동래부동헌,2025-02-19,2025-02-19,0,
PLACE_SEQ.NEXTVAL,금정산성,부산 금정구 금성동 43,,,정보 없음,,https://place.map.kakao.com/27439715,https://via.placeholder.com/300x200?text=No+Place+Image,129.045454953852,35.2515085285217,금정산성,2025-02-19,2025-02-19,0,
PLACE_SEQ.NEXTVAL,도동서원,대구 달성군 구지면 도동서원로 1  (우)43006,,매일 08:00 ~ 20:00,불가능,053-616-6407,https://place.map.kakao.com/7834487,https://t1.kakaocdn.net/thumb/T800x0.q50/?fname=https%3A%2F%2Fpostfiles.pstatic.net%2FMjAyNDA5MDRfMjkw%2FMDAxNzI1Mzk2MDkxODMw.r10LIl0quGDUf-30hFH8GYEn0TMTmoyhj7XIQTez3bUg.jG6ay03PFhkNlPHscK47Niozh9MX6DiXwFx8aanQLoUg.JPEG%2F20240831_173254.jpg%3Ftype%3Dw773,128.371926695172,35.70102407006412,도동서원,2025-02-19,2025-02-19,0,"#나들이, #단풍명소, #산책로, #억새밭, #포토존, #핑크뮬리명소"
PLACE_SEQ.NEXTVAL,군위 아미타여래삼존 석굴,대구 군위군 부계면 남산4길 24  (우)43166,,,정보 없음,054-383-8032,https://place.map.kakao.com/2093474574,https://t1.kakaocdn.net/thumb/T800x0.q50/?fname=http%3A%2F%2Ft1.daumcdn.net%2Fplace%2F22DCBDA9B23B48CCACD86C972730B0EB,128.6411288689817,36.04895293941642,군위 아미타여래삼존 석굴,2025-02-19,2025-02-19,0,"#나들이, #단풍명소, #벚꽃명소"
PLACE_SEQ.NEXTVAL,마비정벽화마을,대구 달성군 화원읍 마비정길 262-5  (우)42967,,,정보 없음,053-633-2222,https://place.map.kakao.com/18281173,https://t1.kakaocdn.net/thumb/T800x0.q50/?fname=https%3A%2F%2Fblog.kakaocdn.net%2Fdn%2FdAZbz2%2FbtsFEklgBoy%2FSgzLlpNi1VV8JkMoEvAfVK%2Fimg.jpg,128.54161228578326,35.77876851385698,마비정벽화마을,2025-02-19,2025-02-19,0,"#걷기좋은, #나들이, #단풍명소, #드라이브명소, #산책로, #포토존"
PLACE_SEQ.NEXTVAL,불로동고분군,대구 동구 불로동 335,,,정보 없음,,https://place.map.kakao.com/17808276,https://t1.kakaocdn.net/thumb/T800x0.q50/?fname=https%3A%2F%2Fpostfiles.pstatic.net%2FMjAyNDA0MDhfMjA3%2FMDAxNzEyNTgwNzAwNjc4.W3joxLMhSG0CY8aDby8DrzIs6bhE5VYWlj_HITkXeKcg.1cSTP-Rl7VCPD_vas5amqqy0u6VQmpHoYByo7kKscj0g.JPEG%2F1712580699273.jpg%3Ftype%3Dw773%26jopt%3D2,128.646852356957,35.9151608131731,불로동고분군,2025-02-19,2025-02-19,0,"#나들이, #드라이브명소, #벚꽃명소, #산책로, #억새밭, #일출명소, #포토존, #핑크뮬리명소"
PLACE_SEQ.NEXTVAL,하목정,대구 달성군 하빈면 하목정길 56-10  (우)42900,,,정보 없음,053-668-3161,https://place.map.kakao.com/10260793,https://t1.kakaocdn.net/thumb/T800x0.q50/?fname=https%3A%2F%2Fblog.kakaocdn.net%2Fdn%2FcYGfl0%2FbtsIYeO8Fqa%2FqzIh1WYHKrC6b959bmqwIk%2Fimg.jpg,128.39754538874,35.8817781037634,하목정,2025-02-19,2025-02-19,0,"#나들이, #포토존"
PLACE_SEQ.NEXTVAL,화산산성,대구 군위군 삼국유사면 화북리 산 230,,,정보 없음,,https://place.map.kakao.com/8165141,https://t1.kakaocdn.net/thumb/T800x0.q50/?fname=http%3A%2F%2Ft1.daumcdn.net%2Flocalfiy%2FE26F3F6FDEC84EE99ADF8A90A5BEDDC0,128.781359705592,36.0982858363292,화산산성,2025-02-19,2025-02-19,0,"#나들이, #산책로, #전망대, #해바라기"
PLACE_SEQ.NEXTVAL,신숭겸장군유적지,대구 동구 신숭겸길 17  (우)41002,,,정보 없음,,https://place.map.kakao.com/10523047,https://t1.kakaocdn.net/thumb/T800x0.q50/?fname=http%3A%2F%2Ft1.daumcdn.net%2Flocal%2FkakaomapPhoto%2Freview%2Fb9a9b22d1361baad8eeb8d5af7c68a1cfc3170b4%3Foriginal,128.640979002345,35.9427148480857,신숭겸장군유적지,2025-02-19,2025-02-19,0,"#나들이, #포토존"
PLACE_SEQ.NEXTVAL,대구향교,대구 중구 명륜로 112  (우)41962,,,정보 없음,053-422-8700,https://place.map.kakao.com/7817088,https://t1.kakaocdn.net/thumb/T800x0.q50/?fname=https%3A%2F%2Fpostfiles.pstatic.net%2FMjAyNDAyMThfNTEg%2FMDAxNzA4MjMzODQ0MTcw.fwFPEWOM3jba_0PQFTid7ikiw8XEBYAnZjrd2OCYeG0g.zL47uKpDjDf5E_H0BkUOrvtbwJdDF2bn0BX7CzWme1Yg.JPEG.kimyuna0611%2FIMG_2249.JPG%3Ftype%3Dw966,128.59602830154586,35.85962155789743,대구향교,2025-02-19,2025-02-19,0,"#나들이, #단풍명소, #포토존"
PLACE_SEQ.NEXTVAL,구암서원,대구 북구 연암공원로17길 20  (우)41533,,,정보 없음,053-959-7202,https://place.map.kakao.com/12697427,https://t1.kakaocdn.net/thumb/T800x0.q50/?fname=http%3A%2F%2Ft1.daumcdn.net%2Flocalfiy%2F252EA91CD1C842EFBD5113EC57659CBB,128.59899904414533,35.89881683255076,구암서원,2025-02-19,2025-02-19,0,#단풍명소
PLACE_SEQ.NEXTVAL,시인이상화고택,대구 중구 서성로 6-1  (우)41933,,매일 10:00 ~ 17:30,정보 없음,053-256-3762,https://place.map.kakao.com/13495251,https://t1.kakaocdn.net/thumb/T800x0.q50/?fname=http%3A%2F%2Ft1.daumcdn.net%2Flocal%2FkakaomapPhoto%2Freview%2F90cc9b385b62201f574905ba67705aeaf2588f81%3Foriginal,128.58801319584236,35.86725685260575,시인이상화고택,2025-02-19,2025-02-19,0,"#나들이, #봄나들이, #포토존"
PLACE_SEQ.NEXTVAL,김수환추기경생가,대구 군위군 군위읍 용대리 238-10,,,정보 없음,054-383-1922,https://place.map.kakao.com/8233494,https://via.placeholder.com/300x200?text=No+Place+Image,128.600397799151,36.2320152376663,김수환추기경생가,2025-02-19,2025-02-19,0,#나들이
PLACE_SEQ.NEXTVAL,육신사,대구 달성군 하빈면 육신사길 64  (우)42900,,,정보 없음,,https://place.map.kakao.com/8517340,https://via.placeholder.com/300x200?text=No+Place+Image,128.4162529509318,35.91162894042877,육신사,2025-02-19,2025-02-19,0,"#나들이, #핑크뮬리명소"
PLACE_SEQ.NEXTVAL,충혼탑,대구 남구 대명동 186,,,정보 없음,,https://place.map.kakao.com/8557715,https://t1.kakaocdn.net/thumb/T800x0.q50/?fname=https%3A%2F%2Fpostfiles.pstatic.net%2FMjAyMjA2MDNfNTUg%2FMDAxNjU0MjQxMTU0MjE4.qlJfjwKyRjWTIISPTFiv7hDak70jf9pSy41zD051_RUg.kdAmd0aHlQ-uJVVvaVhJtYS3tsebwebZFyzjjrNQWTUg.JPEG.daegu_namgu%2F5.jpg%3Ftype%3Dw966,126.111321637066,34.8291766397729,충혼탑,2025-02-19,2025-02-19,0,
PLACE_SEQ.NEXTVAL,녹동서원,대구 달성군 가창면 우록길 218  (우)42940,,,정보 없음,053-767-5790,https://place.map.kakao.com/8245542,https://t1.kakaocdn.net/thumb/T800x0.q50/?fname=https%3A%2F%2Fpostfiles.pstatic.net%2FMjAyNDA4MDNfMTU1%2FMDAxNzIyNjg5NDc3MTky.QhevfMq1rY_uedzQW7ssAnR0Tbi-o_qNksXhGv2a60Ig.Er2L1gSRyF1z8emzy_sIpLBoVBu8lku3Wy0dNhClLPIg.JPEG%2FIMG_6107.jpg%3Ftype%3Dw966,128.646335035559,35.7232064802737,녹동서원,2025-02-19,2025-02-19,0,#억새밭
PLACE_SEQ.NEXTVAL,달성현풍 석빙고,대구 달성군 현풍읍 현풍동로 92  (우)42988,,,정보 없음,,https://place.map.kakao.com/8157123,https://t1.kakaocdn.net/thumb/T800x0.q50/?fname=http%3A%2F%2Ft1.daumcdn.net%2Fplace%2F99A0BA513EC94B60B1743ED7A950E2D6,128.45161961861928,35.69757218638553,달성현풍 석빙고,2025-02-19,2025-02-19,0,
PLACE_SEQ.NEXTVAL,강화광성보,인천 강화군 불은면 해안동로466번길 27  (우)23047,,매일 09:00 ~ 18:00,가능,032-930-7070,https://place.map.kakao.com/8185328,https://t1.kakaocdn.net/thumb/T800x0.q50/?fname=http%3A%2F%2Ft1.daumcdn.net%2Fplace%2FF73CE9DCAB724F77BDDA7B5D3C4D9812,126.52980934340425,37.665140052732234,강화광성보,2025-02-19,2025-02-19,0,"#나들이, #단풍명소, #드라이브명소, #벚꽃명소, #산책로"
PLACE_SEQ.NEXTVAL,연미정,인천 강화군 강화읍 월곳리 242,,,가능,,https://place.map.kakao.com/7999804,https://t1.kakaocdn.net/thumb/T800x0.q50/?fname=http%3A%2F%2Ft1.kakaocdn.net%2Ffiy_reboot%2Fplace%2F1AFC32E9A7BD45398B40FEDB5447EE2D,126.511915371644,37.7709487071361,연미정,2025-02-19,2025-02-19,0,"#걷기좋은, #나들이, #데이트코스, #드라이브명소, #산책로, #포토존, #힐링"
PLACE_SEQ.NEXTVAL,고려궁지,인천 강화군 강화읍 북문길 42  (우)23030,,,가능,032-930-7078,https://place.map.kakao.com/8177611,https://t1.kakaocdn.net/thumb/T800x0.q50/?fname=http%3A%2F%2Ft1.daumcdn.net%2Flocal%2FkakaomapPhoto%2Freview%2F315d449bd8a4be4469634f39a7b4c4bb71724590%3Foriginal,126.48502530526841,37.75125826948676,고려궁지,2025-02-19,2025-02-19,0,"#나들이, #단풍명소, #벚꽃명소, #포토존"
PLACE_SEQ.NEXTVAL,초지진,인천 강화군 길상면 해안동로 58  (우)23049,,매일 09:00 ~ 18:00,가능,032-930-7072,https://place.map.kakao.com/18870909,https://t1.kakaocdn.net/thumb/T800x0.q50/?fname=http%3A%2F%2Ft1.daumcdn.net%2Fplace%2F68A5BEFCF5D140B1B71D2BCB13C3301C,126.532307919915,37.6325202519864,초지진,2025-02-19,2025-02-19,0,"#나들이, #산책로, #일출명소, #차박"
PLACE_SEQ.NEXTVAL,원인재,인천 연수구 경원대로 322  (우)21934,,,정보 없음,,https://place.map.kakao.com/8033793,https://t1.kakaocdn.net/thumb/T800x0.q50/?fname=http%3A%2F%2Ft1.daumcdn.net%2Flocal%2FkakaomapPhoto%2Freview%2F8013a5e0f6336cb677369dd396743c1b13619110%3Foriginal,126.690948368895,37.4144780838739,원인재,2025-02-19,2025-02-19,0,#포토존
PLACE_SEQ.NEXTVAL,부근리고인돌군,인천 강화군 하점면 부근리 317,,,정보 없음,032-933-3624,https://place.map.kakao.com/8173287,https://t1.kakaocdn.net/thumb/T800x0.q50/?fname=http%3A%2F%2Ft1.daumcdn.net%2Flocal%2FkakaomapPhoto%2Freview%2F2fde748de9093d6392e363da5259de649a775e78012c77a96ec167d1a98ef396,126.43742477730055,37.77313479342564,부근리고인돌군,2025-02-19,2025-02-19,0,"#나들이, #산책로"
PLACE_SEQ.NEXTVAL,장수동 은행나무,인천 남동구 장수동 63-2,,,불가능,,https://place.map.kakao.com/26142733,https://t1.kakaocdn.net/thumb/T800x0.q50/?fname=http%3A%2F%2Ft1.kakaocdn.net%2Ffiy_reboot%2Fplace%2F1998C45A4751418699D92CCA6C2B9FA8,126.769654637482,37.4602417184233,장수동 은행나무,2025-02-19,2025-02-19,0,"#나들이, #단풍명소, #드라이브명소, #억새밭, #이동약자접근"
PLACE_SEQ.NEXTVAL,갑곶돈대,인천 강화군 강화읍 갑곳리 1022,,매일 09:00 ~ 18:00,가능,032-930-7076,https://place.map.kakao.com/8677834,https://t1.kakaocdn.net/thumb/T800x0.q50/?fname=http%3A%2F%2Ft1.daumcdn.net%2Flocal%2FkakaomapPhoto%2Freview%2F890b576805443e54d60b31d5d499874e4cb8be0a%3Foriginal,126.51790458886504,37.732675375010324,갑곶돈대,2025-02-19,2025-02-19,0,"#나들이, #포토존"
PLACE_SEQ.NEXTVAL,용흥궁,인천 강화군 강화읍 동문안길21번길 16-1  (우)23031,,매일 09:00 ~ 18:00,가능,,https://place.map.kakao.com/8021811,https://t1.kakaocdn.net/thumb/T800x0.q50/?fname=http%3A%2F%2Ft1.daumcdn.net%2Fcfile%2F2450413E537D4F6934,126.485751965505,37.7479134796195,용흥궁,2025-02-19,2025-02-19,0,"#나들이, #단풍명소, #포토존"
PLACE_SEQ.NEXTVAL,분오리돈대,인천 강화군 화도면 사기리 산 185-5,,,정보 없음,,https://place.map.kakao.com/22836473,https://t1.kakaocdn.net/thumb/T800x0.q50/?fname=http%3A%2F%2Ft1.daumcdn.net%2Flocal%2FkakaomapPhoto%2Freview%2F5899925b16b9430d921ef6827c41562240497aad%3Foriginal,126.46182795290949,37.59016933694932,분오리돈대,2025-02-19,2025-02-19,0,"#드라이브명소, #산책로, #일출명소, #차박"
PLACE_SEQ.NEXTVAL,덕진진,인천 강화군 불은면 덕성리 355,,매일 09:00 ~ 18:00,가능,032-930-7074,https://place.map.kakao.com/7836949,https://t1.kakaocdn.net/thumb/T800x0.q50/?fname=http%3A%2F%2Ft1.daumcdn.net%2Flocal%2FkakaomapPhoto%2Freview%2F846e1a4803ba883e1d1a78d0bbcf3222ac1110c9%3Foriginal,126.52543628831108,37.64918610844676,덕진진,2025-02-19,2025-02-19,0,"#나들이, #벚꽃명소"
PLACE_SEQ.NEXTVAL,제물포구락부,인천 중구 자유공원남로 25  (우)22315,,화~일 09:30 ~ 17:30,불가능,,https://place.map.kakao.com/12651728,https://t1.kakaocdn.net/thumb/T800x0.q50/?fname=http%3A%2F%2Ft1.daumcdn.net%2Flocal%2FkakaomapPhoto%2Freview%2Fb46e79763c9af5e52a922f40652e4342b7c99020%3Foriginal,126.62252211424126,37.47463623198604,제물포구락부,2025-02-19,2025-02-19,0,"#나들이, #벚꽃명소, #포토존"
PLACE_SEQ.NEXTVAL,인천향교,인천 미추홀구 매소홀로 589  (우)22233,,화~일 10:00 ~ 17:00,정보 없음,032-876-7041,https://place.map.kakao.com/8051699,https://t1.kakaocdn.net/thumb/T800x0.q50/?fname=https%3A%2F%2Fpostfiles.pstatic.net%2FMjAyMzEwMzFfMzgg%2FMDAxNjk4NzM5ODk3OTE4.G2Sr_PmAQYf7D3OocWhwcgMuG6pDpqBP5OEp1xd0ijgg.odn19_T21cCdAj6Bf8MbetD44ZDzLHWyVCFAp16CiR0g.JPEG.282pdjh%2FKakaoTalk_20231031_163816913_08.jpg%3Ftype%3Dw773,126.68694918992922,37.43953196210855,인천향교,2025-02-19,2025-02-19,0,#단풍명소
PLACE_SEQ.NEXTVAL,참성단,인천 강화군 화도면 문산리 산 55,,,가능,032-930-7068,https://place.map.kakao.com/8081829,https://t1.kakaocdn.net/thumb/T800x0.q50/?fname=http%3A%2F%2Ft1.daumcdn.net%2Flocal%2FkakaomapPhoto%2Freview%2Fb50c6f1f3bf44da92eae4e2176f77fd373bc825e%3Foriginal,126.429819809475,37.6156320814364,참성단,2025-02-19,2025-02-19,0,
PLACE_SEQ.NEXTVAL,교동향교,인천 강화군 교동면 교동남로 229-49  (우)23001,,,가능,032-932-6931,https://place.map.kakao.com/8768395,https://t1.kakaocdn.net/thumb/T800x0.q50/?fname=http%3A%2F%2Ft1.daumcdn.net%2Flocalfiy%2FC6BD323579B44E7CB17CAB9086FE52B7,126.296878703468,37.7753287803997,교동향교,2025-02-19,2025-02-19,0,
PLACE_SEQ.NEXTVAL,남한산성,경기 광주시 남한산성면 산성리 산 23,,화~일 10:00 ~ 17:00 (관람종료 30분전까지 매표가능),가능,031-8008-5155,https://place.map.kakao.com/8223954,https://t1.kakaocdn.net/thumb/T800x0.q50/?fname=http%3A%2F%2Ft1.daumcdn.net%2Fcfile%2F2764AB40522FD3E40D,127.180024353467,37.4789871959421,남한산성,2025-02-19,2025-02-19,0,"#나들이, #단풍명소, #드라이브명소, #벚꽃명소, #산책로, #일출명소"
PLACE_SEQ.NEXTVAL,남한산성 행궁,경기 광주시 남한산성면 산성리 935-1,,화~일 09:30 ~ 17:00 (입장시간 10:00 ~ 16:30),정보 없음,,https://place.map.kakao.com/8226318,https://t1.kakaocdn.net/thumb/T800x0.q50/?fname=http%3A%2F%2Ft1.kakaocdn.net%2Ffiy_reboot%2Fplace%2F7C6016E842BF4C93AFEF50258768FB84,127.18126133399002,37.479040266271404,남한산성 행궁,2025-02-19,2025-02-19,0,"#걷기좋은, #나들이, #단풍명소, #드라이브명소, #벚꽃명소, #산책로, #포토존"
PLACE_SEQ.NEXTVAL,남한산성 남문,경기 광주시 남한산성면 산성리 산 32-5,,,정보 없음,,https://place.map.kakao.com/12789711,https://t1.kakaocdn.net/thumb/T800x0.q50/?fname=http%3A%2F%2Ft1.daumcdn.net%2Flocal%2FkakaomapPhoto%2Freview%2F4b317757c0c4d926e22080793e84c9c56ecc8c15%3Foriginal,127.181177462987,37.4733343075386,남한산성 남문,2025-02-19,2025-02-19,0,"#나들이, #단풍명소"
PLACE_SEQ.NEXTVAL,곤지암,경기 광주시 곤지암읍 곤지암리 453-20,,,정보 없음,,https://place.map.kakao.com/8232440,https://t1.kakaocdn.net/thumb/T800x0.q50/?fname=http%3A%2F%2Ft1.kakaocdn.net%2Ffiy_reboot%2Fplace%2F1CC089F4B5894311955AF22ED8031094,127.33872616735648,37.34967472122952,곤지암,2025-02-19,2025-02-19,0,#일출명소
PLACE_SEQ.NEXTVAL,수어장대,경기 광주시 남한산성면 산성리 815-1,,,정보 없음,031-760-4822,https://place.map.kakao.com/7965620,https://t1.kakaocdn.net/thumb/T800x0.q50/?fname=http%3A%2F%2Ft1.daumcdn.net%2Fplace%2F13731A8637DF482F858F6ECBEAA5583E,127.176557778944,37.4798537906359,수어장대,2025-02-19,2025-02-19,0,"#나들이, #산책로"
PLACE_SEQ.NEXTVAL,남한산성 서문,경기 광주시 남한산성면 남한산성로780번길 105  (우)12700,,,정보 없음,,https://place.map.kakao.com/11308262,https://t1.kakaocdn.net/thumb/T800x0.q50/?fname=http%3A%2F%2Ft1.daumcdn.net%2Flocal%2FkakaomapPhoto%2Freview%2F700db49db3b3c2232ea9b4d7019d854fb74ea355%3Foriginal,127.176071559616,37.4846442732564,남한산성 서문,2025-02-19,2025-02-19,0,"#나들이, #드라이브명소, #벚꽃명소"
PLACE_SEQ.NEXTVAL,남한산성 북문,경기 광주시 남한산성면 산성리 1225,,,정보 없음,,https://place.map.kakao.com/7902880,https://t1.kakaocdn.net/thumb/T800x0.q50/?fname=http%3A%2F%2Ft1.daumcdn.net%2Flocal%2FkakaomapPhoto%2Freview%2F5b5521eb27bdbc37c1d71252bfa76e02c448ad7f%3Foriginal,127.184797331094,37.4816107704126,남한산성 북문,2025-02-19,2025-02-19,0,"#나들이, #산책로"
PLACE_SEQ.NEXTVAL,허난설헌묘,경기 광주시 초월읍 지월리 산 29-5,,,정보 없음,,https://place.map.kakao.com/12711266,https://t1.kakaocdn.net/thumb/T800x0.q50/?fname=https%3A%2F%2Fblog.kakaocdn.net%2Fdn%2FcAc1SU%2FbtsGBXVtBPW%2FjXSOzdSgqKvmotXyLTfKJK%2Fimg.jpg,127.296159194085,37.4256007774754,허난설헌묘,2025-02-19,2025-02-19,0,#나들이
PLACE_SEQ.NEXTVAL,정충묘,경기 광주시 초월읍 대쌍령리,,,정보 없음,031-760-4821,https://place.map.kakao.com/27067776,https://via.placeholder.com/300x200?text=No+Place+Image,127.286209134738,37.3878510328438,정충묘,2025-02-19,2025-02-19,0,"#벚꽃명소, #포토존"
PLACE_SEQ.NEXTVAL,남한산성 동문,경기 광주시 남한산성면 산성리,,,정보 없음,,https://place.map.kakao.com/14720027,https://via.placeholder.com/300x200?text=No+Place+Image,127.194117303957,37.4742940558689,남한산성 동문,2025-02-19,2025-02-19,0,#나들이
PLACE_SEQ.NEXTVAL,남한산성행궁 인화관,경기 광주시 남한산성면 산성리 550-1,,,정보 없음,,https://place.map.kakao.com/1532532735,https://via.placeholder.com/300x200?text=No+Place+Image,127.1828209235,37.4778620476976,남한산성행궁 인화관,2025-02-19,2025-02-19,0,
PLACE_SEQ.NEXTVAL,연주봉옹성,경기 광주시 남한산성면 산성리,,,정보 없음,,https://place.map.kakao.com/27260890,https://t1.kakaocdn.net/thumb/T800x0.q50/?fname=http%3A%2F%2Ft1.daumcdn.net%2Flocal%2FkakaomapPhoto%2Freview%2Fe3270cf9fc171fb859cff2e72e4e067df179cb1d%3Foriginal,127.178183995937,37.4866990067076,연주봉옹성,2025-02-19,2025-02-19,0,#단풍명소
PLACE_SEQ.NEXTVAL,조영무장군묘,경기 광주시 퇴촌면 광동리 산 16,,,정보 없음,,https://place.map.kakao.com/8065916,https://t1.kakaocdn.net/thumb/T800x0.q50/?fname=https%3A%2F%2Fblog.kakaocdn.net%2Fdn%2FAU4bl%2FbtsJekPaUJY%2FnPtzeqxL8T5OD9X3tuawGK%2Fimg.jpg,127.310110033008,37.461843320526,조영무장군묘,2025-02-19,2025-02-19,0,
PLACE_SEQ.NEXTVAL,김자수선생묘,경기 광주시 신현동 산 120-1,,,정보 없음,,https://place.map.kakao.com/12711291,https://via.placeholder.com/300x200?text=No+Place+Image,127.144001555658,37.3478302607973,김자수선생묘,2025-02-19,2025-02-19,0,
PLACE_SEQ.NEXTVAL,신익희 생가,경기 광주시 초월읍 서하길 6-25  (우)12705,,,정보 없음,,https://place.map.kakao.com/7978850,https://t1.kakaocdn.net/thumb/T800x0.q50/?fname=http%3A%2F%2Ft1.daumcdn.net%2Fplace%2F77C75B41267D438B807AB02AF8F8BD35,127.30698888539301,37.432443378283125,신익희 생가,2025-02-19,2025-02-19,0,
PLACE_SEQ.NEXTVAL,둔산선사유적지,대전 서구 대덕대로317번길 9  (우)35214,,,정보 없음,,https://place.map.kakao.com/10679334,https://t1.kakaocdn.net/thumb/T800x0.q50/?fname=http%3A%2F%2Ft1.daumcdn.net%2Fplace%2FB13FA773A9F644AF94C7B40167B8F1DA,127.378435470533,36.360594813345,둔산선사유적지,2025-02-19,2025-02-19,0,"#나들이, #단풍명소, #벚꽃명소, #산책로"
PLACE_SEQ.NEXTVAL,계족산성,대전 대덕구 장동 산 85,,,정보 없음,,https://place.map.kakao.com/8184063,https://t1.kakaocdn.net/thumb/T800x0.q50/?fname=http%3A%2F%2Ft1.daumcdn.net%2Flocal%2FkakaomapPhoto%2Freview%2F15ff2377fa9ba7209a79428752577ab03be83d70%3Foriginal,127.453609638124,36.3956047955765,계족산성,2025-02-19,2025-02-19,0,"#걷기좋은, #나들이, #단풍명소, #산책로, #억새밭, #일출명소"
PLACE_SEQ.NEXTVAL,산내골령골,대전 동구 곤룡로 93  (우)34703,,,정보 없음,,https://place.map.kakao.com/433227228,https://t1.kakaocdn.net/thumb/T800x0.q50/?fname=http%3A%2F%2Ft1.daumcdn.net%2Flocalfiy%2F187D1E83F5CE4F018DFC2EC7F905D0C6,127.47703194274233,36.28174221567226,산내골령골,2025-02-19,2025-02-19,0,
PLACE_SEQ.NEXTVAL,단재신채호선생 생가지,대전 중구 단재로229번길 47  (우)35086,,,가능,,https://place.map.kakao.com/7975862,https://t1.kakaocdn.net/thumb/T800x0.q50/?fname=http%3A%2F%2Ft1.daumcdn.net%2Fplace%2F96856435AD4346A89B6CD206B5F7BC4F,127.41104091783897,36.23265171683906,단재신채호선생 생가지,2025-02-19,2025-02-19,0,"#드라이브명소, #산책로"
PLACE_SEQ.NEXTVAL,대전육교,대전 대덕구 비래동 4-8,,매일 00:00 ~ 24:00,불가능,,https://place.map.kakao.com/1331868367,https://t1.kakaocdn.net/thumb/T800x0.q50/?fname=http%3A%2F%2Ft1.kakaocdn.net%2Ffiy_reboot%2Fplace%2FD81C0439BDDA4BB49B7E77CE290D35D9,127.459567608011,36.3563956136781,대전육교,2025-02-19,2025-02-19,0,#산책로
PLACE_SEQ.NEXTVAL,대전회덕동춘당,대전 대덕구 동춘당로 80  (우)34402,,매일 08:00 ~ 17:00,정보 없음,,https://place.map.kakao.com/10287366,https://t1.kakaocdn.net/thumb/T800x0.q50/?fname=https%3A%2F%2Fpostfiles.pstatic.net%2FMjAyMjAzMTZfMjI1%2FMDAxNjQ3Mzk1MzM1MzIz.0GSlTjD40wPkY7U7t6IXb0Om_5e4EfmDyzrTHH7khdAg.LaQIPY4ebXAjKaX_V43BZW82zmr_8PGR3GRad3CG1Y4g.JPEG.daedeokgu%2F015.JPG%3Ftype%3Dw966,127.44144258129646,36.364978217200765,대전회덕동춘당,2025-02-19,2025-02-19,0,"#나들이, #단풍명소, #벚꽃명소, #봄나들이, #산책로"
PLACE_SEQ.NEXTVAL,보문산성,대전 중구 대사동 산 3-71,,,정보 없음,,https://place.map.kakao.com/8372965,https://via.placeholder.com/300x200?text=No+Place+Image,127.428533307947,36.3011823074402,보문산성,2025-02-19,2025-02-19,0,"#산책로, #일출명소, #포토존"
PLACE_SEQ.NEXTVAL,진잠향교,대전 유성구 교촌로 67  (우)34225,,,정보 없음,042-543-1811,https://place.map.kakao.com/8083028,https://t1.kakaocdn.net/thumb/T800x0.q50/?fname=https%3A%2F%2Fpostfiles.pstatic.net%2FMjAyMzEyMjZfMTI4%2FMDAxNzAzNTY0NzQ4MzU5.oil5XYSCNSWLCR3e6-ChfEfaRoCYNoLl5hAP-TgWrg4g.2vFrlY69D-3RcqblRrev-GYjyfoljksyjK8vMp6etxwg.JPEG.djenews%2F5.jpg%3Ftype%3Dw966,127.31528644361416,36.30380015649891,진잠향교,2025-02-19,2025-02-19,0,
PLACE_SEQ.NEXTVAL,대전도산서원,대전 서구 남선로 8  (우)35254,,,정보 없음,,https://place.map.kakao.com/12683395,https://t1.kakaocdn.net/thumb/T800x0.q50/?fname=https%3A%2F%2Fcafeptthumb-phinf.pstatic.net%2FMjAyNDA1MDdfMTI3%2FMDAxNzE1MDY5NzE0NjEx.1v-Bse0oysFFJ8cXc-xqkdvXsTKoCAuwxuq7s8w352kg.CH5K34auW_Avo2D6bcmfQB1YUUMiwNJDOJXe-r4dXJQg.JPEG%2F3W5A4082_%25282%2529.JPG%3Ftype%3Dw1600,127.396059803052,36.34392364534382,대전도산서원,2025-02-19,2025-02-19,0,#나들이
PLACE_SEQ.NEXTVAL,충청남도청 구청사,대전 중구 중앙로 101  (우)34863,,,정보 없음,,https://place.map.kakao.com/27201672,https://via.placeholder.com/300x200?text=No+Place+Image,127.420846331727,36.3267742611192,충청남도청 구청사,2025-02-19,2025-02-19,0,
PLACE_SEQ.NEXTVAL,대전 비래사 목조비로자나불좌상,대전 대덕구 비래골길 47-74  (우)34412,,,정보 없음,,https://place.map.kakao.com/26959772,https://t1.kakaocdn.net/thumb/T800x0.q50/?fname=http%3A%2F%2Ft1.daumcdn.net%2Flocalfiy%2F0D9AAD68A5F84BAD844321B6A6E29AA5,127.450982846239,36.3731107896161,대전 비래사 목조비로자나불좌상,2025-02-19,2025-02-19,0,
PLACE_SEQ.NEXTVAL,구대전형무소망루,대전 중구 중촌동 16-11,,,정보 없음,,https://place.map.kakao.com/867814803,https://t1.kakaocdn.net/thumb/T800x0.q50/?fname=http%3A%2F%2Ft1.daumcdn.net%2Flocalfiy%2F8EF97DA0502A45A298671F06F68922D7,127.410696863334,36.3366828586811,구대전형무소망루,2025-02-19,2025-02-19,0,
PLACE_SEQ.NEXTVAL,구 대전부청사,대전 중구 중앙로 148  (우)34921,,,정보 없음,,https://place.map.kakao.com/1423065784,https://via.placeholder.com/300x200?text=No+Place+Image,127.426345866089,36.3284273552942,구 대전부청사,2025-02-19,2025-02-19,0,
PLACE_SEQ.NEXTVAL,괴곡동느티나무,대전 서구 괴곡동 985,,,정보 없음,,https://place.map.kakao.com/25448071,https://t1.kakaocdn.net/thumb/T800x0.q50/?fname=http%3A%2F%2Ft1.daumcdn.net%2Fcfile%2F232DA239558FE30E24,127.354486429436,36.2861515101584,괴곡동느티나무,2025-02-19,2025-02-19,0,#나들이
PLACE_SEQ.NEXTVAL,국립대전현충원 현충문,대전 유성구 현충원로 251  (우)34151,,,정보 없음,,https://place.map.kakao.com/17808701,https://t1.kakaocdn.net/thumb/T800x0.q50/?fname=http%3A%2F%2Ft1.kakaocdn.net%2Ffiy_reboot%2Fplace%2F6ADD85405F5B4FB4841829E1A430A965,127.295714939788,36.3690613121613,국립대전현충원 현충문,2025-02-19,2025-02-19,0,
PLACE_SEQ.NEXTVAL,공업탑,울산 남구 신정동 720-4,,,정보 없음,,https://place.map.kakao.com/17110902,https://t1.kakaocdn.net/thumb/T800x0.q50/?fname=http%3A%2F%2Ft1.daumcdn.net%2Fplace%2F43857BDA68124FEF922658CA7AD070E1,129.307471704097,35.5322138797601,공업탑,2025-02-19,2025-02-19,0,#나들이
PLACE_SEQ.NEXTVAL,울산 대곡리반구대암각화,울산 울주군 언양읍 대곡리 991,,,정보 없음,,https://place.map.kakao.com/11816400,https://t1.kakaocdn.net/thumb/T800x0.q50/?fname=http%3A%2F%2Ft1.daumcdn.net%2Flocal%2FkakaomapPhoto%2Freview%2Fff9d9121569843edd6f9d9487abe59865195bfea%3Foriginal,129.177921388194,35.6037950950081,울산 대곡리반구대암각화,2025-02-19,2025-02-19,0,"#걷기좋은, #나들이, #단풍명소, #산책로, #억새밭, #일출명소"
PLACE_SEQ.NEXTVAL,울주언양읍성,울산 울주군 언양읍 동부리 291,,,정보 없음,,https://place.map.kakao.com/10570989,https://t1.kakaocdn.net/thumb/T800x0.q50/?fname=http%3A%2F%2Ft1.daumcdn.net%2Flocal%2FkakaomapPhoto%2Freview%2F2408333ce4d7627f0fcc70b8e6fda3252cc24072%3Foriginal,129.122923586907,35.5691116663737,울주언양읍성,2025-02-19,2025-02-19,0,"#나들이, #산책로"
PLACE_SEQ.NEXTVAL,서생포왜성,울산 울주군 서생면 서생리 711,,,정보 없음,,https://place.map.kakao.com/7944431,https://t1.kakaocdn.net/thumb/T800x0.q50/?fname=http%3A%2F%2Ft1.daumcdn.net%2Fplace%2F1F31D348D9094EC79C597172AE39F310,129.334294856668,35.3831977185046,서생포왜성,2025-02-19,2025-02-19,0,"#나들이, #벚꽃명소, #산책로, #억새밭, #일출명소, #포토존"
PLACE_SEQ.NEXTVAL,태화강국가정원 태화루,울산 중구 태화로 300  (우)44452,,매일 09:00 ~ 18:00,정보 없음,052-211-0888,https://place.map.kakao.com/15112331,https://t1.kakaocdn.net/thumb/T800x0.q50/?fname=https%3A%2F%2Fpostfiles.pstatic.net%2FMjAyMjAzMDZfNDEg%2FMDAxNjQ2NTQ5NzExNjgx.pE_jSzpQiYky46rxYop-3R_wphuWz6xu3-bsh3QeH8Mg.Ia3mDO-rOT2VvREsZpVV0_8QgHaQmxz9dsY0ZrNx024g.PNG.chicken_beat%2FSE-0be03c28-b39d-46e6-824d-782ca697ea4f.png%3Ftype%3Dw773,129.30764158701567,35.5533739073646,태화강국가정원 태화루,2025-02-19,2025-02-19,0,
PLACE_SEQ.NEXTVAL,울산향교,울산 중구 명륜로 117  (우)44463,,,정보 없음,052-243-0129,https://place.map.kakao.com/8036086,https://t1.kakaocdn.net/thumb/T800x0.q50/?fname=https%3A%2F%2Fpostfiles.pstatic.net%2FMjAyNDA3MDdfMjk3%2FMDAxNzIwMzM0MTU4MDUx.8Z7LHv-GTBvQlOiUVWARbDCp1GotIrmKxCDSfU3w1D8g.0aJhjG8-DEt7tsa4PAFaxmxDhgoULlaMtroPGgNGBuAg.JPEG%2F20240701%25EF%25BC%25BF141011.jpg%3Ftype%3Dw966,129.31569032077564,35.56033518959462,울산향교,2025-02-19,2025-02-19,0,
PLACE_SEQ.NEXTVAL,울산병영성,울산 중구 서동 149-8,,,정보 없음,,https://place.map.kakao.com/8457735,https://t1.kakaocdn.net/thumb/T800x0.q50/?fname=http%3A%2F%2Ft1.kakaocdn.net%2Ffiy_reboot%2Fplace%2F236E66A1A5D34A1F9E1283EA5A75C50F,129.343606506341,35.5767641196267,울산병영성,2025-02-19,2025-02-19,0,"#산책로, #일출명소"
PLACE_SEQ.NEXTVAL,박상진의사 생가,울산 북구 박상진5로 10  (우)44236,,수~일 09:30 ~ 17:30,불가능,052-296-1411,https://place.map.kakao.com/7895004,https://t1.kakaocdn.net/thumb/T800x0.q50/?fname=http%3A%2F%2Ft1.kakaocdn.net%2Ffiy_reboot%2Fplace%2F4FBBEC3D4BBF45448D85680A8B43D024,129.35983232719948,35.60229662393794,박상진의사 생가,2025-02-19,2025-02-19,0,"#산책로, #포토존"
PLACE_SEQ.NEXTVAL,박제상유적지,울산 울주군 두동면 만화리 68,,,정보 없음,,https://place.map.kakao.com/7889764,https://t1.kakaocdn.net/thumb/T800x0.q50/?fname=http%3A%2F%2Ft1.kakaocdn.net%2Ffiy_reboot%2Fplace%2F4440836A6A3442549AA591BC387CB0B7,129.22975780112822,35.65446885595903,박제상유적지,2025-02-19,2025-02-19,0,
PLACE_SEQ.NEXTVAL,천전리 명문과 암각화,울산 울주군 두동면 천전리 산 210-2,,,정보 없음,,https://place.map.kakao.com/11238934,https://t1.kakaocdn.net/thumb/T800x0.q50/?fname=https%3A%2F%2Fpostfiles.pstatic.net%2FMjAyMzEyMTNfMTM0%2FMDAxNzAyNDM1NDE0ODQ5.ZtXawyVajZscgMrSIDbdAFRbO-CkTGmq02qblpt57JEg.1an-b1l5o-7isxozP3AN_4sumhTYjKmpGfh-kqTsVsIg.JPEG.sangyongleep%2F20231213%25EF%25BC%25BF114203.jpg%3Ftype%3Dw966,129.175146156579,35.6142545395616,천전리 명문과 암각화,2025-02-19,2025-02-19,0,#나들이
PLACE_SEQ.NEXTVAL,울산동헌및내아,울산 중구 동헌길 167  (우)44468,,,정보 없음,,https://place.map.kakao.com/27190134,https://t1.kakaocdn.net/thumb/T800x0.q50/?fname=http%3A%2F%2Ft1.kakaocdn.net%2Ffiy_reboot%2Fplace%2FBCCB24C2103445EBBD2FC5DAEAFCFE31,129.320057743803,35.5582940821429,울산동헌및내아,2025-02-19,2025-02-19,0,"#나들이, #포토존"
PLACE_SEQ.NEXTVAL,죽림굴,울산 울주군 상북면 이천리,,,정보 없음,,https://place.map.kakao.com/18514639,https://t1.kakaocdn.net/thumb/T800x0.q50/?fname=http%3A%2F%2Ft1.daumcdn.net%2Flocal%2FkakaomapPhoto%2Freview%2Ff940b2a274eddfa392f619cc2fd6284cb4a69a7712720918ccaf618914d4a46e,129.032826097119,35.547268712309,죽림굴,2025-02-19,2025-02-19,0,#억새밭
PLACE_SEQ.NEXTVAL,달천철장,울산 북구 달천동 1-7,,매일 00:00 ~ 24:00,정보 없음,,https://place.map.kakao.com/7813623,https://via.placeholder.com/300x200?text=No+Place+Image,129.330045066903,35.6332167078911,달천철장,2025-02-19,2025-02-19,0,"#봄나들이, #산책로, #포토존"
PLACE_SEQ.NEXTVAL,울산왜성,울산 중구 학성공원3길 54  (우)44528,,,정보 없음,,https://place.map.kakao.com/12740309,https://via.placeholder.com/300x200?text=No+Place+Image,129.339268665571,35.5542752157601,울산왜성,2025-02-19,2025-02-19,0,#산책로
PLACE_SEQ.NEXTVAL,팔각정,울산 울주군 서생면 진하리,,,정보 없음,,https://place.map.kakao.com/8112598,https://via.placeholder.com/300x200?text=No+Place+Image,127.474444025314,37.1602431478785,팔각정,2025-02-19,2025-02-19,0,
PLACE_SEQ.NEXTVAL,김종서장군묘,세종특별자치시 장군면 대교리 산 45,,,정보 없음,,https://place.map.kakao.com/10200694,https://via.placeholder.com/300x200?text=No+Place+Image,127.214013887888,36.5217054532812,김종서장군묘,2025-02-19,2025-02-19,0,
PLACE_SEQ.NEXTVAL,세종홍판서댁,세종특별자치시 부강면 용포동촌길 43-19  (우)30072,,월~토 10:00 ~ 17:00,정보 없음,044-863-5735,https://place.map.kakao.com/12760648,https://via.placeholder.com/300x200?text=No+Place+Image,127.365204467907,36.5340589802021,세종홍판서댁,2025-02-19,2025-02-19,0,#나들이
PLACE_SEQ.NEXTVAL,봉산동향나무,세종특별자치시 조치원읍 건너말고샅길 9  (우)30015,,,정보 없음,,https://place.map.kakao.com/12721406,https://via.placeholder.com/300x200?text=No+Place+Image,127.27708014428573,36.604640528640545,봉산동향나무,2025-02-19,2025-02-19,0,
PLACE_SEQ.NEXTVAL,전의향교,세종특별자치시 전의면 북촌1길 5-20  (우)30004,,,정보 없음,,https://place.map.kakao.com/11165250,https://t1.kakaocdn.net/thumb/T800x0.q50/?fname=https%3A%2F%2Fpostfiles.pstatic.net%2FMjAyMzAzMjZfOTYg%2FMDAxNjc5ODQxNjQ4MjIz.QbphsvHlQSPYPB8XMGvXk0RTTj6D-U4MnkjOsBF9Z0cg.U_vAaXcvCF6beviVOyqAUNEmvmlxZzlUwrhoiAVB5tEg.JPEG.qvovq%2F20230323_201624.jpg%3Ftype%3Dw966,127.200910608691,36.68026784801,전의향교,2025-02-19,2025-02-19,0,
PLACE_SEQ.NEXTVAL,운주산성,세종특별자치시 전동면 청송리 산 90,,,정보 없음,,https://place.map.kakao.com/8037527,https://via.placeholder.com/300x200?text=No+Place+Image,127.242049486484,36.6828514658523,운주산성,2025-02-19,2025-02-19,0,
PLACE_SEQ.NEXTVAL,세종 임난수 은행나무,세종특별자치시 세종동 88-5,,,정보 없음,,https://place.map.kakao.com/27069848,https://via.placeholder.com/300x200?text=No+Place+Image,127.291892727018,36.5042345577432,세종 임난수 은행나무,2025-02-19,2025-02-19,0,#봄나들이
PLACE_SEQ.NEXTVAL,독락정,세종특별자치시 나성동 101,,,정보 없음,,https://place.map.kakao.com/12665267,https://t1.kakaocdn.net/thumb/T800x0.q50/?fname=https%3A%2F%2Fpostfiles.pstatic.net%2FMjAyMjAzMjFfNjgg%2FMDAxNjQ3ODIyNjMxMDc0.CqZt27kHAnu_OvLYaBHBmoqX0_PD-F0s5qx9qq65yPIg.DyCnhEDKDWxK_pn41Dy-23T8Z4jWPngNiFYkS4YAFaQg.JPEG.sejong_story%2FBLG_202203080315423913.jpg%3Ftype%3Dw966,127.270753975067,36.480674105561,독락정,2025-02-19,2025-02-19,0,#봄나들이
PLACE_SEQ.NEXTVAL,연기향교,세종특별자치시 연기면 교촌3길 13  (우)30058,,,정보 없음,044-863-4219,https://place.map.kakao.com/12697396,https://t1.kakaocdn.net/thumb/T800x0.q50/?fname=https%3A%2F%2Fpostfiles.pstatic.net%2FMjAyMzA1MjJfMjgz%2FMDAxNjg0NzA0MDQxMzc4.LgvUT8PF8y8xnJep-vX1AQlnaONWaCr7gVe8zX6hV7cg.XqlXpwWco53Tj-u57DRJI8Ced1S9IeZkB79Z_qs3CvMg.JPEG.daitouryou%2F230225_%25EC%2584%25B8%25EC%25A2%2585_%25EC%25A1%25B0%25EC%25B9%2598%25EC%259B%2590_(39,127.281130869429,36.5433703779408,연기향교,2025-02-19,2025-02-19,0,#유채꽃
PLACE_SEQ.NEXTVAL,숭덕사,세종특별자치시 세종동 734-19,,,정보 없음,,https://place.map.kakao.com/10321449,https://t1.kakaocdn.net/thumb/T800x0.q50/?fname=http%3A%2F%2Ft1.daumcdn.net%2Fplace%2FBD66A3D4B2BC49B8A7176E53AA2DFD19,127.26851126400132,36.51372275366434,숭덕사,2025-02-19,2025-02-19,0,#아이와함께
PLACE_SEQ.NEXTVAL,장욱진화백 생가,세종특별자치시 연동면 청연로 624-1  (우)30069,,,정보 없음,,https://place.map.kakao.com/25032305,https://t1.kakaocdn.net/thumb/T800x0.q50/?fname=http%3A%2F%2Ft1.daumcdn.net%2Flocalfiy%2F2F25EE40716F46EEB255F9F121CC6E96,127.323678283648,36.5598652033556,장욱진화백 생가,2025-02-19,2025-02-19,0,
PLACE_SEQ.NEXTVAL,합호서원,세종특별자치시 원합강1길 262-6  (우)30134,,,정보 없음,,https://place.map.kakao.com/10923536,https://via.placeholder.com/300x200?text=No+Place+Image,127.327353076263,36.5232469474477,합호서원,2025-02-19,2025-02-19,0,
PLACE_SEQ.NEXTVAL,충렬사,세종특별자치시 장군면 하봉길 120  (우)30053,,,정보 없음,,https://place.map.kakao.com/15293346,https://via.placeholder.com/300x200?text=No+Place+Image,127.373790335296,35.4119952392576,충렬사,2025-02-19,2025-02-19,0,
PLACE_SEQ.NEXTVAL,충령탑,세종특별자치시 조치원읍 침산리,,,정보 없음,,https://place.map.kakao.com/13107763,https://t1.kakaocdn.net/thumb/T800x0.q50/?fname=https%3A%2F%2Fpostfiles.pstatic.net%2FMjAyMjA1MDJfMTEw%2FMDAxNjUxNDUyNDE2ODk2.HZBc-rnoqLLMmK7u6-F61cVXqyQHGKxuRnEnhpKRBhAg.27YSl9wlox2efUjpgwoDZlZxkqrubYXTuOmKW41MkYgg.JPEG.sejong_story%2FBLG_202204200606131318.jpg%3Ftype%3Dw966,127.292749781649,36.5989430102759,충령탑,2025-02-19,2025-02-19,0,
PLACE_SEQ.NEXTVAL,덕천군사우,세종특별자치시 장군면 태산리 101,,,정보 없음,,https://place.map.kakao.com/11096357,https://via.placeholder.com/300x200?text=No+Place+Image,127.192566549916,36.551620576759,덕천군사우,2025-02-19,2025-02-19,0,
PLACE_SEQ.NEXTVAL,전의이씨시조묘,세종특별자치시 전의면 유천리 산 3-1,,,정보 없음,,https://place.map.kakao.com/27265852,https://via.placeholder.com/300x200?text=No+Place+Image,127.17984024049656,36.678656069678055,전의이씨시조묘,2025-02-19,2025-02-19,0,
PLACE_SEQ.NEXTVAL,수원화성,경기 수원시 장안구 영화동 320-2,,매일 00:00 ~ 24:00,가능,031-290-3600,https://place.map.kakao.com/17985162,https://t1.kakaocdn.net/thumb/T800x0.q50/?fname=http%3A%2F%2Ft1.daumcdn.net%2Fplace%2F0889BF3652004E57A8334BE1395F90BC,127.011795743342,37.2869569586225,수원화성,2025-02-19,2025-02-19,0,"#나들이, #단풍명소, #벚꽃명소, #억새밭, #해바라기"
PLACE_SEQ.NEXTVAL,화성행궁,경기 수원시 팔달구 정조로 825  (우)16258,,매일 09:00 ~ 18:00,가능,031-290-3600,https://place.map.kakao.com/8175657,https://t1.kakaocdn.net/thumb/T800x0.q50/?fname=http%3A%2F%2Ft1.daumcdn.net%2Fcfile%2F242C6E3B54250CB801,127.014041185109,37.2819144990562,화성행궁,2025-02-19,2025-02-19,0,"#나들이, #벚꽃명소, #억새밭, #포토존"
PLACE_SEQ.NEXTVAL,남한산성,경기 광주시 남한산성면 산성리 산 23,,화~일 10:00 ~ 17:00 (관람종료 30분전까지 매표가능),가능,031-8008-5155,https://place.map.kakao.com/8223954,https://t1.kakaocdn.net/thumb/T800x0.q50/?fname=http%3A%2F%2Ft1.daumcdn.net%2Fcfile%2F2764AB40522FD3E40D,127.180024353467,37.4789871959421,남한산성,2025-02-19,2025-02-19,0,"#나들이, #단풍명소, #드라이브명소, #벚꽃명소, #산책로, #일출명소"
PLACE_SEQ.NEXTVAL,행주산성,경기 고양시 덕양구 행주로15번길 89  (우)10440,,화~일 09:00 ~ 17:00 (입장마감 16:00),가능,031-8075-4652,https://place.map.kakao.com/8143171,https://t1.kakaocdn.net/thumb/T800x0.q50/?fname=http%3A%2F%2Ft1.daumcdn.net%2Fcfile%2F2653A14D522FF19132,126.8287096301388,37.596101261945115,행주산성,2025-02-19,2025-02-19,0,"#걷기좋은, #나들이, #단풍명소, #벚꽃명소, #산책로, #일출명소, #포토존"
PLACE_SEQ.NEXTVAL,서오릉,경기 고양시 덕양구 서오릉로 334-32  (우)10548,,화~일 07:00 ~ 18:00 (입장마감 17:00),가능,02-359-0090,https://place.map.kakao.com/18384905,https://t1.kakaocdn.net/thumb/T800x0.q50/?fname=http%3A%2F%2Ft1.daumcdn.net%2Flocal%2FkakaomapPhoto%2Freview%2Fce9b9ec255b72902d2a2ec776289c9c6b2f84256%3Foriginal,126.904048877495,37.6246289719161,서오릉,2025-02-19,2025-02-19,0,"#나들이, #단풍명소, #벚꽃명소, #산책로"
PLACE_SEQ.NEXTVAL,방화수류정,경기 수원시 팔달구 수원천로392번길 44-6  (우)16254,,,정보 없음,,https://place.map.kakao.com/25049860,https://t1.kakaocdn.net/thumb/T800x0.q50/?fname=http%3A%2F%2Ft1.daumcdn.net%2Flocal%2FkakaomapPhoto%2Freview%2F3ffc895d551bd206550a1c47e648b409010b0509%3Foriginal,127.01807378117873,37.287505800070726,방화수류정,2025-02-19,2025-02-19,0,"#나들이, #벚꽃명소, #억새밭, #포토존"
PLACE_SEQ.NEXTVAL,동구릉,경기 구리시 동구릉로 197  (우)11910,,화~일 06:00 ~ 18:00 (입장마감 17:00),불가능,031-579-4900,https://place.map.kakao.com/8262254,https://t1.kakaocdn.net/thumb/T800x0.q50/?fname=http%3A%2F%2Ft1.daumcdn.net%2Fplace%2F12640FC337FE484CBC82040F51F64911,127.13205042833934,37.61941522307722,동구릉,2025-02-19,2025-02-19,0,"#나들이, #단풍명소, #맨발걷기, #산책로, #억새밭, #이동약자접근, #일출명소"
PLACE_SEQ.NEXTVAL,수원화성 팔달문,경기 수원시 팔달구 정조로 780  (우)16257,,매일 09:00 ~ 17:00,정보 없음,031-228-2765,https://place.map.kakao.com/8119852,https://t1.kakaocdn.net/thumb/T800x0.q50/?fname=http%3A%2F%2Ft1.daumcdn.net%2Flocalfiy%2F10A7A4A1B0124349B65FA4A22A821E40,127.01673298980403,37.27756212711585,수원화성 팔달문,2025-02-19,2025-02-19,0,"#나들이, #벚꽃명소, #산책로, #억새밭"
PLACE_SEQ.NEXTVAL,화성융릉과건릉,경기 화성시 효행로481번길 21  (우)18345,,화~일 09:00 ~ 17:30,가능,031-222-0142,https://place.map.kakao.com/8037586,https://t1.kakaocdn.net/thumb/T800x0.q50/?fname=http%3A%2F%2Ft1.daumcdn.net%2Flocal%2FkakaomapPhoto%2Freview%2Fe11321059b79f25f3c3e87c06a353f469a2afcbc%3Foriginal,126.990969338623,37.2117235982251,화성융릉과건릉,2025-02-19,2025-02-19,0,"#걷기좋은, #나들이, #단풍명소, #산책로"
PLACE_SEQ.NEXTVAL,장안문,경기 수원시 팔달구 정조로 910  (우)16253,,,정보 없음,,https://place.map.kakao.com/8062847,https://t1.kakaocdn.net/thumb/T800x0.q50/?fname=http%3A%2F%2Ft1.kakaocdn.net%2Ffiy_reboot%2Fplace%2F8EDB605C82C94CA3ABDF7286292596BA,127.01424321158507,37.288861484847935,장안문,2025-02-19,2025-02-19,0,"#나들이, #벚꽃명소, #산책로, #억새밭"
PLACE_SEQ.NEXTVAL,연천당포성,경기 연천군 미산면 동이리 778,,,정보 없음,031-839-2144,https://place.map.kakao.com/12559305,https://t1.kakaocdn.net/thumb/T800x0.q50/?fname=https%3A%2F%2Fpostfiles.pstatic.net%2FMjAyMjA2MDFfMjg2%2FMDAxNjU0MDM3MTM0Mzcy.wU1h0bLWP6NHjW97OT421LeM8GcTTiRsjcuvieKRB-Qg.uTd1wE_oiCan-APwD5EDAp1GgAylXTvwxaLsQALm2GUg.JPEG.motorbank1%2FSE-1c7ab06a-a00f-4205-b1b3-b89ea3d6a18c.jpg%3Ftype%3Dw966,126.985877776443,38.0231277684141,연천당포성,2025-02-19,2025-02-19,0,"#나들이, #산책로, #차박, #포토존, #해바라기"
PLACE_SEQ.NEXTVAL,영녕릉 세종대왕유적지구 세종대왕릉,경기 여주시 세종대왕면 영릉로 269-50  (우)12642,,화~일 09:00 ~ 18:00,정보 없음,,https://place.map.kakao.com/18191517,https://t1.kakaocdn.net/thumb/T800x0.q50/?fname=https%3A%2F%2Fpostfiles.pstatic.net%2FMjAyMjExMTRfMTkx%2FMDAxNjY4NDA5NjY5NzMw.8d4cvbNMp11p218PcD61fgWoHFNW0c7aw20uUTIfD2Yg.L-s3BqpQQ7VyXee7A5vuq4TGhq-ah4V5TNqBSk433Ncg.JPEG.jlupo4%2FIMG_1214.jpg%3Ftype%3Dw966,127.602939250485,37.3080664564253,영녕릉 세종대왕유적지구 세종대왕릉,2025-02-19,2025-02-19,0,"#나들이, #단풍명소, #산책로"
PLACE_SEQ.NEXTVAL,연천호로고루,경기 연천군 장남면 원당리 1257-1,,,불가능,031-839-2565,https://place.map.kakao.com/8007509,https://t1.kakaocdn.net/thumb/T800x0.q50/?fname=http%3A%2F%2Ft1.kakaocdn.net%2Ffiy_reboot%2Fplace%2F6915981D9F904064AD40D14372EB0E8C,126.858557215159,37.9861919814065,연천호로고루,2025-02-19,2025-02-19,0,"#나들이, #이동약자접근, #일출명소, #포토존, #해바라기"
PLACE_SEQ.NEXTVAL,정약용유적지,경기 남양주시 조안면 다산로747번길 11  (우)12283,,화~일 09:00 ~ 18:00 (입장마감시간 17:30),정보 없음,031-590-2481,https://place.map.kakao.com/26870903,https://t1.kakaocdn.net/thumb/T800x0.q50/?fname=http%3A%2F%2Ft1.daumcdn.net%2Fplace%2F8848A43684AA4C1AB5B9E61D15544E15,127.299609535143,37.5168028535678,정약용유적지,2025-02-19,2025-02-19,0,"#나들이, #드라이브명소, #산책로, #일출명소"
PLACE_SEQ.NEXTVAL,김포장릉,경기 김포시 장릉로 79  (우)10118,,화~일 07:00 ~ 18:00 (입장마감 17:00),불가능,031-984-2897,https://place.map.kakao.com/12458663,https://t1.kakaocdn.net/thumb/T800x0.q50/?fname=http%3A%2F%2Ft1.kakaocdn.net%2Ffiy_reboot%2Fplace%2FAD583F9BA6C74EF9B75A6F657876F68B,126.71113490807328,37.61302956713223,김포장릉,2025-02-19,2025-02-19,0,"#나들이, #단풍명소, #벚꽃명소, #산책로, #이동약자접근"
PLACE_SEQ.NEXTVAL,오죽헌,강원특별자치도 강릉시 율곡로3139번길 24  (우)25465,,매일 09:00 ~ 18:00 (입장시간 9:00~17:00),가능,033-660-3301,https://place.map.kakao.com/25323416,https://t1.kakaocdn.net/thumb/T800x0.q50/?fname=http%3A%2F%2Ft1.daumcdn.net%2Fplace%2F598DED18F1494A37AFBFF91AC159D427,128.8775431442553,37.77924783956944,오죽헌,2025-02-19,2025-02-19,0,"#걷기좋은, #나들이, #단풍명소, #벚꽃명소, #산책로, #포토존"
PLACE_SEQ.NEXTVAL,영금정,강원특별자치도 속초시 동명동 1-185,,,불가능,033-633-3171,https://place.map.kakao.com/7999903,https://t1.kakaocdn.net/thumb/T800x0.q50/?fname=http%3A%2F%2Ft1.daumcdn.net%2Fplace%2FCD85ED64EA7F46CD8212B83DF97ED4AF,128.60158579343542,38.21180584697197,영금정,2025-02-19,2025-02-19,0,"#나들이, #일출명소, #포토존"
PLACE_SEQ.NEXTVAL,경포대,강원특별자치도 강릉시 경포로 365  (우)25461,,매일 09:00 ~ 18:00,가능,033-640-5119,https://place.map.kakao.com/10158575,https://t1.kakaocdn.net/thumb/T800x0.q50/?fname=http%3A%2F%2Ft1.daumcdn.net%2Fcfile%2F270A9C4D522FF2580B,128.896636344738,37.7950741626953,경포대,2025-02-19,2025-02-19,0,"#나들이, #단풍명소, #벚꽃명소, #산책로, #일출명소"
PLACE_SEQ.NEXTVAL,반계리은행나무,강원특별자치도 원주시 문막읍 반계리 1495-1,,,정보 없음,,https://place.map.kakao.com/8312554,https://t1.kakaocdn.net/thumb/T800x0.q50/?fname=http%3A%2F%2Ft1.kakaocdn.net%2Ffiy_reboot%2Fplace%2F2110217409394E1D98C67C1D5A9FCA0B,127.788431048773,37.2942500884713,반계리은행나무,2025-02-19,2025-02-19,0,"#나들이, #단풍명소"
PLACE_SEQ.NEXTVAL,고석정,강원특별자치도 철원군 동송읍 장흥리 725-13,,,불가능,033-450-5558,https://place.map.kakao.com/8176583,https://t1.kakaocdn.net/thumb/T800x0.q50/?fname=http%3A%2F%2Ft1.daumcdn.net%2Fplace%2FCCB446A321804A578D18E42A32715AC2,127.28795429038924,38.185262491597896,고석정,2025-02-19,2025-02-19,0,"#나들이, #유람선"
PLACE_SEQ.NEXTVAL,강릉선교장,강원특별자치도 강릉시 운정길 63  (우)25464,,매일 09:00 ~ 18:00 (매표 마감 17:30),불가능,033-646-3270,https://place.map.kakao.com/26979861,https://t1.kakaocdn.net/thumb/T800x0.q50/?fname=http%3A%2F%2Ft1.daumcdn.net%2Fplace%2F49CE08CFB6944E31830F5EBE6573E7BD,128.885174241126,37.7866425660498,강릉선교장,2025-02-19,2025-02-19,0,"#나들이, #벚꽃명소, #사회적기업, #산책로, #일출명소, #포토존, #제로페이"
PLACE_SEQ.NEXTVAL,청령포,강원특별자치도 영월군 남면 광천리 산 68,,매일 09:00 ~ 17:00,불가능,033-374-1317,https://place.map.kakao.com/17583186,https://t1.kakaocdn.net/thumb/T800x0.q50/?fname=http%3A%2F%2Ft1.daumcdn.net%2Flocal%2FkakaomapPhoto%2Freview%2F3da884982f195a85f4a5d6b2842014b7be0c9481%3Foriginal,128.44460404514373,37.1750203666405,청령포,2025-02-19,2025-02-19,0,"#나들이, #일출명소"
PLACE_SEQ.NEXTVAL,장릉,강원특별자치도 영월군 영월읍 단종로 190  (우)26225,,매일 09:00 ~ 18:00,가능,033-374-4215,https://place.map.kakao.com/8540103,https://t1.kakaocdn.net/thumb/T800x0.q50/?fname=http%3A%2F%2Ft1.daumcdn.net%2Flocal%2FkakaomapPhoto%2Freview%2Fdcad4067e3c2d850fd60eb19582cde8e2b9f4511%3Foriginal,126.71113490807328,37.61302956713223,장릉,2025-02-19,2025-02-19,0,"#나들이, #단풍명소, #산책로"
PLACE_SEQ.NEXTVAL,노동당사,강원특별자치도 철원군 철원읍 금강산로 265  (우)24001,,,불가능,033-450-5558,https://place.map.kakao.com/8230318,https://t1.kakaocdn.net/thumb/T800x0.q50/?fname=http%3A%2F%2Ft1.daumcdn.net%2Flocalfiy%2F6E1D96FC366B47A28686655CD361B4AE,127.20199421834894,38.2551980729538,노동당사,2025-02-19,2025-02-19,0,"#나들이, #모노레일"
PLACE_SEQ.NEXTVAL,청간정,강원특별자치도 고성군 토성면 동해대로 5110  (우)24758,,,불가능,,https://place.map.kakao.com/8109027,https://t1.kakaocdn.net/thumb/T800x0.q50/?fname=http%3A%2F%2Ft1.daumcdn.net%2Flocal%2FkakaomapPhoto%2Freview%2F753e5b050ddb55bcdd177738e02541ea2c71a35a%3Foriginal,128.55836401768894,38.26440970779153,청간정,2025-02-19,2025-02-19,0,"#나들이, #일몰감상, #일출명소, #포토존"
PLACE_SEQ.NEXTVAL,죽서루,강원특별자치도 삼척시 죽서루길 37  (우)25917,,매일 09:00 ~ 17:00,불가능,033-570-3670,https://place.map.kakao.com/10793255,https://t1.kakaocdn.net/thumb/T800x0.q50/?fname=http%3A%2F%2Ft1.daumcdn.net%2Fplace%2F74CF4FFD61EF48B8A37393E2868A71F6,129.1605384437938,37.440889993161896,죽서루,2025-02-19,2025-02-19,0,"#국화꽃, #나들이, #단풍명소, #포토존"
PLACE_SEQ.NEXTVAL,원주 강원감영,강원특별자치도 원주시 원일로 77  (우)26431,,매일 09:00 ~ 22:00,정보 없음,033-747-2416,https://place.map.kakao.com/8171435,https://t1.kakaocdn.net/thumb/T800x0.q50/?fname=http%3A%2F%2Ft1.daumcdn.net%2Flocal%2FkakaomapPhoto%2Freview%2F0852a65daecd82d9e8b249870b5e1a90198df9a0%3Foriginal,127.95041515330618,37.347972513213655,원주 강원감영,2025-02-19,2025-02-19,0,#나들이
PLACE_SEQ.NEXTVAL,백마고지전적지,강원특별자치도 철원군 철원읍 평화로 3591  (우)24000,,,가능,,https://place.map.kakao.com/12697191,https://t1.kakaocdn.net/thumb/T800x0.q50/?fname=http%3A%2F%2Ft1.daumcdn.net%2Flocalfiy%2F5B740471AEB54928B0EFBC54CFB057B4,127.164964432568,38.2697602685392,백마고지전적지,2025-02-19,2025-02-19,0,"#나들이, #드라이브명소, #모노레일, #산책로, #이동약자접근"
PLACE_SEQ.NEXTVAL,정암사적멸보궁,강원특별자치도 정선군 고한읍 함백산로 1410  (우)26157,,,정보 없음,033-591-2469,https://place.map.kakao.com/12750537,https://t1.kakaocdn.net/thumb/T800x0.q50/?fname=https%3A%2F%2Fblog.kakaocdn.net%2Fdn%2FmRuae%2FbtsufYMlzcp%2Fzw6NpTk6Kri2KmTxz7AMG0%2Fimg.jpg,128.892595792221,37.1830205938551,정암사적멸보궁,2025-02-19,2025-02-19,0,
PLACE_SEQ.NEXTVAL,허난설헌생가터,강원특별자치도 강릉시 난설헌로193번길 1-16  (우)25466,,,불가능,,https://place.map.kakao.com/8038228,https://t1.kakaocdn.net/thumb/T800x0.q50/?fname=http%3A%2F%2Ft1.daumcdn.net%2Flocal%2FkakaomapPhoto%2Freview%2F1a4ee9c45c72981194a5bedbb19af03f075dc0eb%3Foriginal,128.9095814783649,37.79186339916128,허난설헌생가터,2025-02-19,2025-02-19,0,"#나들이, #벚꽃명소"
PLACE_SEQ.NEXTVAL,진천농다리,충북 진천군 문백면 구산동리 601-32,,,불가능,,https://place.map.kakao.com/11272856,https://t1.kakaocdn.net/thumb/T800x0.q50/?fname=http%3A%2F%2Ft1.daumcdn.net%2Fplace%2F69186F6B530B4CA9BB095A4BE9F4A679,127.493199598646,36.8261852540787,진천농다리,2025-02-19,2025-02-19,0,"#나들이, #단풍명소, #벚꽃명소, #산책로, #차박, #포토존"
PLACE_SEQ.NEXTVAL,상당산성,충북 청주시 상당구 산성동 산 28-2,,,가능,043-201-0202,https://place.map.kakao.com/7923026,https://t1.kakaocdn.net/thumb/T800x0.q50/?fname=http%3A%2F%2Ft1.daumcdn.net%2Fplace%2FD2C1822A802E4836AF8005BAF220222C,127.54000290906747,36.661500521968684,상당산성,2025-02-19,2025-02-19,0,"#나들이, #단풍명소, #벚꽃명소, #일출명소"
PLACE_SEQ.NEXTVAL,정북동토성,충북 청주시 청원구 정북동 351-1,,,정보 없음,043-201-2023,https://place.map.kakao.com/25627768,https://t1.kakaocdn.net/thumb/T800x0.q50/?fname=http%3A%2F%2Ft1.daumcdn.net%2Fplace%2F282F0E640D304D7B8ED2EA9AA4E7750E,127.45610651327,36.6891445783166,정북동토성,2025-02-19,2025-02-19,0,"#걷기좋은, #나들이, #단풍명소, #데이트코스, #벚꽃명소, #산책로, #포토존"
PLACE_SEQ.NEXTVAL,사인암,충북 단양군 대강면 사인암2길 42  (우)27028,,,정보 없음,043-422-3011,https://place.map.kakao.com/7911615,https://t1.kakaocdn.net/thumb/T800x0.q50/?fname=https%3A%2F%2Fblog.kakaocdn.net%2Fdn%2FnIiVC%2FbtsIzzd7VtY%2FLKJbOvNbO2rBRgaKwWdsi0%2Fimg.jpg,128.340791358021,36.8946539129779,사인암,2025-02-19,2025-02-19,0,"#나들이, #단풍명소, #산책로, #유람선"
PLACE_SEQ.NEXTVAL,탄금대,충북 충주시 칠금동 산 1-1,,매일 00:00 ~ 24:00,불가능,043-848-2246,https://place.map.kakao.com/11235478,https://t1.kakaocdn.net/thumb/T800x0.q50/?fname=http%3A%2F%2Ft1.daumcdn.net%2Fplace%2FC404864E87854054B7FCB53F4FA62247,127.90063376680165,36.989366094797425,탄금대,2025-02-19,2025-02-19,0,"#나들이, #드라이브명소, #벚꽃명소, #산책로, #유람선, #포토존"
PLACE_SEQ.NEXTVAL,덕주산성,충북 제천시 한수면 송계리 산 46-1,,,정보 없음,,https://place.map.kakao.com/7836698,https://t1.kakaocdn.net/thumb/T800x0.q50/?fname=http%3A%2F%2Ft1.daumcdn.net%2Fplace%2F9A3ABD2BDF93493080FB1379EE1807FB,128.08722448192054,36.86035941075612,덕주산성,2025-02-19,2025-02-19,0,"#단풍명소, #차박"
PLACE_SEQ.NEXTVAL,청주향교,충북 청주시 상당구 대성로122번길 81  (우)28518,,,정보 없음,043-253-3365,https://place.map.kakao.com/9469279,https://t1.kakaocdn.net/thumb/T800x0.q50/?fname=http%3A%2F%2Ft1.daumcdn.net%2Fplace%2F3FBA47784FA142A3A33EABE30A060F95,127.497604898982,36.6371205150636,청주향교,2025-02-19,2025-02-19,0,#나들이
PLACE_SEQ.NEXTVAL,옥천이지당,충북 옥천군 군북면 이백6길 126  (우)29003,,,정보 없음,043-730-3728,https://place.map.kakao.com/8025756,https://t1.kakaocdn.net/thumb/T800x0.q50/?fname=http%3A%2F%2Ft1.kakaocdn.net%2Ffiy_reboot%2Fplace%2FB1E816616F4646DD80166D67E074916C,127.555868183615,36.3295641357298,옥천이지당,2025-02-19,2025-02-19,0,"#나들이, #산책로"
PLACE_SEQ.NEXTVAL,음성미타사 마애여래입상,충북 음성군 소이면 소이로61번길 164  (우)27709,,,정보 없음,043-872-0522,https://place.map.kakao.com/8047689,https://via.placeholder.com/300x200?text=No+Place+Image,127.73129820582783,36.95383869744117,음성미타사 마애여래입상,2025-02-19,2025-02-19,0,
PLACE_SEQ.NEXTVAL,옥천 독락정,충북 옥천군 안남면 연주길 170  (우)29010,,,가능,,https://place.map.kakao.com/11336409,https://t1.kakaocdn.net/thumb/T800x0.q50/?fname=http%3A%2F%2Ft1.daumcdn.net%2Flocalfiy%2F65BC73A95C7049029A277A5275270D75,127.665344620449,36.3475508093892,옥천 독락정,2025-02-19,2025-02-19,0,#봄나들이
PLACE_SEQ.NEXTVAL,반기문생가,충북 음성군 원남면 행치길 17-1  (우)27720,,,정보 없음,043-871-5932,https://place.map.kakao.com/12617414,https://t1.kakaocdn.net/thumb/T800x0.q50/?fname=http%3A%2F%2Ft1.daumcdn.net%2Fplace%2F8BAC1784C23841879C0969B1A37DF358,127.664643652627,36.8922399815003,반기문생가,2025-02-19,2025-02-19,0,
PLACE_SEQ.NEXTVAL,괴산홍범식고가,충북 괴산군 괴산읍 임꺽정로 16  (우)28025,,,정보 없음,,https://place.map.kakao.com/8157813,https://t1.kakaocdn.net/thumb/T800x0.q50/?fname=https%3A%2F%2Fpostfiles.pstatic.net%2FMjAyNDA4MDFfMjI1%2FMDAxNzIyNDQzMjUwMDg4.ZlCEmH_UCJhQ49Z7G6v8kCBWHiwnEobh2oLFWTEUSO8g.eNo2rzrb97DR0QV3sr-9UA3aXLEbajKrzdE47h2VKv0g.JPEG%2F1722358783879.jpg%3Ftype%3Dw580,127.79484237189844,36.8138429345882,괴산홍범식고가,2025-02-19,2025-02-19,0,"#나들이, #산책로"
PLACE_SEQ.NEXTVAL,보은 우당고택,충북 보은군 장안면 개안길 10-2  (우)28912,,,정보 없음,043-543-7177,https://place.map.kakao.com/193242020,https://via.placeholder.com/300x200?text=No+Place+Image,127.79061115204,36.468575846946,보은 우당고택,2025-02-19,2025-02-19,0,#단풍명소
PLACE_SEQ.NEXTVAL,제천청풍한벽루,충북 제천시 청풍면 청풍호로 2048  (우)27214,,,정보 없음,043-641-6299,https://place.map.kakao.com/12776840,https://t1.kakaocdn.net/thumb/T800x0.q50/?fname=https%3A%2F%2Fpostfiles.pstatic.net%2FMjAyMjExMDRfMTUw%2FMDAxNjY3NTEzOTcyNDc5.5z_82Mr3V9CZnyiztztdXHIwftYr8azU724xJKeHwrAg.uX5iQa4PsjK4hbUdM_rmf7nfMBRRaS2yxESO4c3MfwEg.JPEG.ji9039%2F20221030%25EF%25BC%25BF144338.jpg%3Ftype%3Dw580,128.171437489972,37.0050014547031,제천청풍한벽루,2025-02-19,2025-02-19,0,"#국화꽃, #단풍명소, #억새밭, #포토존"
PLACE_SEQ.NEXTVAL,수월정,충북 괴산군 칠성면 산막이옛길 315-38  (우)28016,,,정보 없음,,https://place.map.kakao.com/12765554,https://t1.kakaocdn.net/thumb/T800x0.q50/?fname=http%3A%2F%2Ft1.kakaocdn.net%2Ffiy_reboot%2Fplace%2FEA59CE626315437AAEED3727D8ED22E8,127.611325472715,37.246944659944,수월정,2025-02-19,2025-02-19,0,
PLACE_SEQ.NEXTVAL,공산성,충남 공주시 웅진로 280  (우)32555,,매일 09:00 ~ 17:00 (매표마감 16:30),가능,041-856-7700,https://place.map.kakao.com/11377223,https://t1.kakaocdn.net/thumb/T800x0.q50/?fname=http%3A%2F%2Ft1.daumcdn.net%2Fcfile%2F2114F23553BCC6D215,127.126296598501,36.4632408446971,공산성,2025-02-19,2025-02-19,0,"#걷기좋은, #나들이, #단풍명소, #백제역사유적지구, #벚꽃명소, #산책로"
PLACE_SEQ.NEXTVAL,해미읍성,충남 서산시 해미면 남문2로 143  (우)31960,,매일 06:00 ~ 19:00,불가능,041-661-8005,https://place.map.kakao.com/8151963,https://t1.kakaocdn.net/thumb/T800x0.q50/?fname=http%3A%2F%2Ft1.daumcdn.net%2Flocalfiy%2F05B845FC18ED4B05BDA89548455AAAC7,126.54821585012382,36.71265505145304,해미읍성,2025-02-19,2025-02-19,0,"#나들이, #단풍명소, #벚꽃명소, #이동약자접근"
PLACE_SEQ.NEXTVAL,현충사,충남 아산시 염치읍 현충사길 126  (우)31451,,화~일 09:00 ~ 17:00 (동절기 / 입장마감 16:00 까지),불가능,041-539-4600,https://place.map.kakao.com/23976998,https://t1.kakaocdn.net/thumb/T800x0.q50/?fname=http%3A%2F%2Ft1.kakaocdn.net%2Ffiy_reboot%2Fplace%2F48AD261A78B14268B6A3D2C74FCFE100,127.032278194867,36.8065070409017,현충사,2025-02-19,2025-02-19,0,"#나들이, #단풍명소, #벚꽃명소, #산책로, #이동약자접근, #포토존, #홍매화"
PLACE_SEQ.NEXTVAL,무령왕릉,충남 공주시 금성동 140-8,,매일 09:00 ~ 18:00 (입장마감 17:30),가능,041-856-3151,https://place.map.kakao.com/10388546,https://t1.kakaocdn.net/thumb/T800x0.q50/?fname=https%3A%2F%2Fblog.kakaocdn.net%2Fdn%2FbxHn64%2FbtrCDCA62zc%2FbiKOpTPRHiKMg0KoLvnO1K%2Fimg.jpg,127.113795417994,36.4622909758361,무령왕릉,2025-02-19,2025-02-19,0,"#나들이, #단풍명소, #산책로"
PLACE_SEQ.NEXTVAL,마애여래삼존상,충남 서산시 운산면 마애삼존불길 65-13  (우)31950,,매일 09:00 ~ 18:00 (7~8월은 09:00~21:00 연장운영),불가능,041-660-2538,https://place.map.kakao.com/7938740,https://t1.kakaocdn.net/thumb/T800x0.q50/?fname=http%3A%2F%2Ft1.daumcdn.net%2Fplace%2F0F5191D0AA3C45D6A2DDC8BD073E26FF,126.605174006388,36.7738703035574,마애여래삼존상,2025-02-19,2025-02-19,0,"#나들이, #벚꽃명소"
PLACE_SEQ.NEXTVAL,부소산성,충남 부여군 부여읍 부소로 31  (우)33136,,매일 09:00 ~ 17:00,가능,041-830-2880,https://place.map.kakao.com/10462436,https://t1.kakaocdn.net/thumb/T800x0.q50/?fname=http%3A%2F%2Ft1.daumcdn.net%2Fplace%2FD847F3D7A6CF44AB86DDFCF7E96DF9E3,126.91255776653007,36.288489699931915,부소산성,2025-02-19,2025-02-19,0,"#걷기좋은, #나들이, #단풍명소, #백제역사유적지구, #산책로, #포토존, #카카오페이"
PLACE_SEQ.NEXTVAL,명재고택,충남 논산시 노성면 노성산성길 50  (우)32903,,화~일 10:00 ~ 17:00,정보 없음,041-735-1215,https://place.map.kakao.com/8228890,https://t1.kakaocdn.net/thumb/T800x0.q50/?fname=https%3A%2F%2Fpostfiles.pstatic.net%2FMjAyNDA5MDdfMjc5%2FMDAxNzI1NzE3NDQzNDU1.h6oCmSmYk-Of5lO0vdAGPUGiB-XY6uRwZBjDj4XlZVMg.M2-19OP8jXLj41XKS3D8gzUYC2sG1Th_M844s2VTQ2Ug.JPEG%2F6(%25EC%2588%2598%25EC%25A0%2595,127.131146714578,36.2822180248766,명재고택,2025-02-19,2025-02-19,0,"#나들이, #단풍명소, #벚꽃명소, #포토존"
PLACE_SEQ.NEXTVAL,추사김정희선생고택,충남 예산군 신암면 추사고택로 261  (우)32417,,,가능,,https://place.map.kakao.com/8100555,https://t1.kakaocdn.net/thumb/T800x0.q50/?fname=https%3A%2F%2Fblog.kakaocdn.net%2Fdn%2FdwMaTF%2FbtsJD6CuHQ9%2F8RGbdXfqIK6INwHZQoXcy1%2Fimg.png,126.798638184192,36.7468781955517,추사김정희선생고택,2025-02-19,2025-02-19,0,"#나들이, #벚꽃명소, #봄나들이, #산책로, #포토존"
PLACE_SEQ.NEXTVAL,보령충청수영성,충남 보령시 오천면 소성리 661-1,,,정보 없음,041-930-6582,https://place.map.kakao.com/12740906,https://t1.kakaocdn.net/thumb/T800x0.q50/?fname=http%3A%2F%2Ft1.daumcdn.net%2Flocalfiy%2F9C4942F0B6374A0190D05DB043784541,126.52279770857,36.4396121004114,보령충청수영성,2025-02-19,2025-02-19,0,"#나들이, #산책로, #포토존"
PLACE_SEQ.NEXTVAL,돈암서원,충남 논산시 연산면 임3길 26-14  (우)32913,,매일 09:00 ~ 17:00 (동절기),가능,041-733-9978,https://place.map.kakao.com/8235056,https://t1.kakaocdn.net/thumb/T800x0.q50/?fname=http%3A%2F%2Ft1.daumcdn.net%2Flocalfiy%2Fsearchregister_465115359,127.18090587199661,36.2090075791478,돈암서원,2025-02-19,2025-02-19,0,"#나들이, #산책로, #포토존"
PLACE_SEQ.NEXTVAL,홍성 홍주읍성,충남 홍성군 홍성읍 오관리 412-6,,,정보 없음,,https://place.map.kakao.com/11199243,https://t1.kakaocdn.net/thumb/T800x0.q50/?fname=https%3A%2F%2Fblog.kakaocdn.net%2Fdn%2FcXouwj%2FbtsvDk0WxgD%2F1qrz4VOgJSTrWjSfT0xTj0%2Fimg.jpg,126.660268922985,36.5993590330984,홍성 홍주읍성,2025-02-19,2025-02-19,0,"#걷기좋은, #나들이, #단풍명소, #산책로, #일출명소, #차박, #포토존"
PLACE_SEQ.NEXTVAL,면천읍성,충남 당진시 면천면 성상리 930-1,,,정보 없음,,https://place.map.kakao.com/7870521,https://t1.kakaocdn.net/thumb/T800x0.q50/?fname=http%3A%2F%2Ft1.kakaocdn.net%2Ffiy_reboot%2Fplace%2FBCE56FE910F14A0E8B530EE99F3D7D3A,126.666119461809,36.8169569598196,면천읍성,2025-02-19,2025-02-19,0,"#나들이, #벚꽃명소, #산책로, #일출명소, #포토존"
PLACE_SEQ.NEXTVAL,정림사지5층석탑,충남 부여군 부여읍 정림로 83  (우)33150,,,정보 없음,041-832-2721,https://place.map.kakao.com/8394011,https://t1.kakaocdn.net/thumb/T800x0.q50/?fname=http%3A%2F%2Ft1.daumcdn.net%2Flocal%2FkakaomapPhoto%2Freview%2F8e8e088a06b56959a8a023af81d7d8fe29c89ee8%3Foriginal,126.913321536716,36.2793026172397,정림사지5층석탑,2025-02-19,2025-02-19,0,#나들이
PLACE_SEQ.NEXTVAL,문헌서원,충남 서천군 기산면 서원로172번길 66  (우)33626,,,정보 없음,,https://place.map.kakao.com/9773316,https://t1.kakaocdn.net/thumb/T800x0.q50/?fname=http%3A%2F%2Ft1.daumcdn.net%2Fplace%2F54EA9A06C46D4E94BF106C49739D7E79,126.78555563245396,36.09169946116623,문헌서원,2025-02-19,2025-02-19,0,"#나들이, #단풍명소, #드라이브명소, #일출명소, #포토존"
PLACE_SEQ.NEXTVAL,부여왕릉원,충남 부여군 부여읍 왕릉로 61  (우)33161,,매일 09:00 ~ 17:00,가능,041-830-2890,https://place.map.kakao.com/12728334,https://t1.kakaocdn.net/thumb/T800x0.q50/?fname=http%3A%2F%2Ft1.daumcdn.net%2Flocal%2FkakaomapPhoto%2Freview%2F50f7b52a8e6b75f221617d8b850434b2f848ae42%3Foriginal,126.942671631757,36.2770096329824,부여왕릉원,2025-02-19,2025-02-19,0,"#나들이, #산책로, #포토존"
PLACE_SEQ.NEXTVAL,첨성대,경북 경주시 인왕동 839-1,,매일 09:00 ~ 22:00,불가능,,https://place.map.kakao.com/8089382,https://t1.kakaocdn.net/thumb/T800x0.q50/?fname=http%3A%2F%2Ft1.daumcdn.net%2Fcfile%2F265F2C48515009BD48,129.21900018259583,35.83471481233599,첨성대,2025-02-19,2025-02-19,0,"#나들이, #벚꽃명소, #억새밭, #튤립, #포토존, #핑크뮬리명소, #해바라기"
PLACE_SEQ.NEXTVAL,대릉원,경북 경주시 계림로 9  (우)38165,,매일 09:00 ~ 22:00 (입장마감 21:30),정보 없음,,https://place.map.kakao.com/8288444,https://t1.kakaocdn.net/thumb/T800x0.q50/?fname=http%3A%2F%2Ft1.kakaocdn.net%2Ffiy_reboot%2Fplace%2F1A1A74130EC14B988E12A3EBA73F46B2,129.21233472051617,35.83814999833691,대릉원,2025-02-19,2025-02-19,0,"#나들이, #벚꽃명소, #산책로, #포토존, #핑크뮬리명소"
PLACE_SEQ.NEXTVAL,도산서원,경북 안동시 도산면 도산서원길 154  (우)36604,,매일 09:00 ~ 18:00 (입장마감 17:30),불가능,054-856-1073,https://place.map.kakao.com/7833000,https://t1.kakaocdn.net/thumb/T800x0.q50/?fname=http%3A%2F%2Ft1.kakaocdn.net%2Ffiy_reboot%2Fplace%2FB9F5761A5B374C8A8CF8CA01A3650F18,128.84353104641616,36.72734712539763,도산서원,2025-02-19,2025-02-19,0,"#나들이, #단풍명소, #산책로, #포토존, #핑크뮬리명소"
PLACE_SEQ.NEXTVAL,병산서원,경북 안동시 풍천면 병산길 386  (우)36760,,매일 09:00 ~ 17:00 (동절기),정보 없음,054-858-5929,https://place.map.kakao.com/7892417,https://t1.kakaocdn.net/thumb/T800x0.q50/?fname=https%3A%2F%2Fpostfiles.pstatic.net%2FMjAyNDA5MTBfMTMg%2FMDAxNzI1OTMwMjg4MjAx.-GLTdVVpyxmAsZRXXs2FZC1g3Yflc7DW3g8FMlatQ84g.1n8xesXmPZupl6Z0doqlLVpXMmJPHs8CQ0oY71IccHIg.JPEG%2FIMG_2189.JPG%3Ftype%3Dw773,128.5526253323358,36.540575142988175,병산서원,2025-02-19,2025-02-19,0,"#나들이, #포토존"
PLACE_SEQ.NEXTVAL,관봉석조여래좌상,경북 경산시 와촌면 갓바위로 681-55  (우)38400,,,정보 없음,,https://place.map.kakao.com/8657078,https://t1.kakaocdn.net/thumb/T800x0.q50/?fname=http%3A%2F%2Ft1.daumcdn.net%2Flocal%2FkakaomapPhoto%2Freview%2F3315fd832c6b113f793ff0f42f107268e6e9da17%3Foriginal,128.73655382227832,35.9815755770277,관봉석조여래좌상,2025-02-19,2025-02-19,0,"#나들이, #단풍명소"
PLACE_SEQ.NEXTVAL,경주 양동마을,경북 경주시 강동면 양동리 125,,매일 09:00 ~ 18:00 (입장시간 9:00 ~ 17:00),가능,054-762-2630,https://place.map.kakao.com/27355009,https://t1.kakaocdn.net/thumb/T800x0.q50/?fname=http%3A%2F%2Ft1.daumcdn.net%2Fcfile%2F2403873F566EA3CC0D,129.253055918864,36.0016178673101,경주 양동마을,2025-02-19,2025-02-19,0,"#나들이, #단풍명소, #드라이브명소, #벚꽃명소, #포토존, #핑크뮬리명소"
PLACE_SEQ.NEXTVAL,소수서원,경북 영주시 순흥면 소백로 2740  (우)36013,,매일 09:00 ~ 17:00 (입장마감 16:00),가능,054-639-7691,https://place.map.kakao.com/9479775,https://t1.kakaocdn.net/thumb/T800x0.q50/?fname=https%3A%2F%2Fblog.kakaocdn.net%2Fdn%2FZ5AjF%2FbtrLyYBYeWP%2FkgUkTVT6adDjw4wYWFQoU1%2Fimg.jpg,128.580202883743,36.9256206705394,소수서원,2025-02-19,2025-02-19,0,"#나들이, #단풍명소"
PLACE_SEQ.NEXTVAL,월정교,경북 경주시 교동 274,,매일 09:00 ~ 22:00,정보 없음,,https://place.map.kakao.com/1839209698,https://t1.kakaocdn.net/thumb/T800x0.q50/?fname=http%3A%2F%2Ft1.kakaocdn.net%2Ffiy_reboot%2Fplace%2F88BF2B9F4B764F3BBC9F72E85AED195F,129.21812129691938,35.82929954620109,월정교,2025-02-19,2025-02-19,0,"#나들이, #벚꽃명소, #야경투어, #일출명소, #포토존, #핑크뮬리명소, #해바라기"
PLACE_SEQ.NEXTVAL,경주문무대왕릉,경북 경주시 문무대왕면 봉길리 30-1,,,가능,,https://place.map.kakao.com/11276178,https://t1.kakaocdn.net/thumb/T800x0.q50/?fname=http%3A%2F%2Ft1.daumcdn.net%2Fplace%2F866B3AFE16CD4450B26FF803F55D2ECD,129.486876732783,35.7382615855879,경주문무대왕릉,2025-02-19,2025-02-19,0,"#나들이, #드라이브명소, #일출명소, #차박"
PLACE_SEQ.NEXTVAL,만휴정,경북 안동시 길안면 묵계하리길 42  (우)36735,,,불가능,,https://place.map.kakao.com/8349717,https://t1.kakaocdn.net/thumb/T800x0.q50/?fname=http%3A%2F%2Ft1.daumcdn.net%2Fplace%2F1F2D674A915048BEBCE5EC4B63678522,128.90985170979334,36.41044601464208,만휴정,2025-02-19,2025-02-19,0,"#나들이, #단풍명소, #산책로, #포토존"
PLACE_SEQ.NEXTVAL,천마총,경북 경주시 계림로 9  (우)38165,,매일 09:00 ~ 22:00,정보 없음,,https://place.map.kakao.com/17809057,https://t1.kakaocdn.net/thumb/T800x0.q50/?fname=http%3A%2F%2Ft1.daumcdn.net%2Fplace%2F4B1849E43C9844AD9C5D4610D4117A15,129.210559431045,35.8384565998858,천마총,2025-02-19,2025-02-19,0,"#걷기좋은, #나들이, #단풍명소, #벚꽃명소, #포토존, #핑크뮬리명소"
PLACE_SEQ.NEXTVAL,청도읍성,경북 청도군 화양읍 동상리 45-2,,,정보 없음,,https://place.map.kakao.com/12736409,https://t1.kakaocdn.net/thumb/T800x0.q50/?fname=http%3A%2F%2Ft1.daumcdn.net%2Flocalfiy%2F80030F5A570B4DF399383BA8A66211A5,128.706690217446,35.6505976484058,청도읍성,2025-02-19,2025-02-19,0,"#나들이, #드라이브명소, #벚꽃명소, #산책로, #작약, #포토존"
PLACE_SEQ.NEXTVAL,박정희대통령 생가,경북 구미시 박정희로 107  (우)39343,,화~일 09:00 ~ 18:00,정보 없음,054-461-8600,https://place.map.kakao.com/16353320,https://t1.kakaocdn.net/thumb/T800x0.q50/?fname=http%3A%2F%2Ft1.daumcdn.net%2Flocal%2FkakaomapPhoto%2Freview%2Ffce7f362bdfe216ff2e434566b7971f9c09afa85%3Foriginal,128.3486018433197,36.088549667618786,박정희대통령 생가,2025-02-19,2025-02-19,0,#나들이
PLACE_SEQ.NEXTVAL,임고서원,경북 영천시 임고면 포은로 447  (우)38817,,,정보 없음,054-334-8982,https://place.map.kakao.com/8048662,https://t1.kakaocdn.net/thumb/T800x0.q50/?fname=http%3A%2F%2Ft1.daumcdn.net%2Fplace%2F1F81F085CDAC45AB9BA537B8AB5AF16B,128.973233960522,36.0166450966568,임고서원,2025-02-19,2025-02-19,0,"#나들이, #단풍명소, #벚꽃명소, #산책로, #포토존"
PLACE_SEQ.NEXTVAL,통일전,경북 경주시 칠불암길 6  (우)38174,,화~일 09:00 ~ 18:00 (입장마감 17:00),불가능,054-748-1850,https://place.map.kakao.com/8107215,https://t1.kakaocdn.net/thumb/T800x0.q50/?fname=http%3A%2F%2Ft1.daumcdn.net%2Flocal%2FkakaomapPhoto%2Freview%2Fb74c4f7da5851d8ab3d6dcb5a16f1d245f4cb78c%3Foriginal,129.240728151983,35.7979706301143,통일전,2025-02-19,2025-02-19,0,"#나들이, #단풍명소, #드라이브명소, #벚꽃명소, #산책로, #억새밭, #포토존"
PLACE_SEQ.NEXTVAL,진주성,경남 진주시 남강로 626  (우)52692,,매일 05:00 ~ 22:00,정보 없음,055-749-5171,https://place.map.kakao.com/23824299,https://t1.kakaocdn.net/thumb/T800x0.q50/?fname=http%3A%2F%2Ft1.daumcdn.net%2Fplace%2F8140176FB4D247CE8B16888510BE37B8,128.079981396917,35.1895547579012,진주성,2025-02-19,2025-02-19,0,"#나들이, #포토존"
PLACE_SEQ.NEXTVAL,동피랑벽화마을,경남 통영시 동피랑1길 6-18  (우)53052,,,정보 없음,,https://place.map.kakao.com/10290301,https://t1.kakaocdn.net/thumb/T800x0.q50/?fname=http%3A%2F%2Ft1.daumcdn.net%2Flocalfiy%2F73A8E98BE64A4B34B4B041CAC5B42952,128.427625013602,34.845305652074,동피랑벽화마을,2025-02-19,2025-02-19,0,"#걷기좋은, #나들이, #산책로, #포토존"
PLACE_SEQ.NEXTVAL,진해루,경남 창원시 진해구 진희로 142  (우)51686,,,정보 없음,,https://place.map.kakao.com/25047510,https://via.placeholder.com/300x200?text=No+Place+Image,128.685630440299,35.1471878451042,진해루,2025-02-19,2025-02-19,0,"#나들이, #벚꽃명소, #산책로, #일출명소, #포토존"
PLACE_SEQ.NEXTVAL,거제포로수용소유적공원,경남 거제시 계룡로 61  (우)53257,,"월,수,목,금,토,일 09:00 ~ 18:00 (입장마감 17:00)",불가능,055-639-0625,https://place.map.kakao.com/8648828,https://t1.kakaocdn.net/thumb/T800x0.q50/?fname=http%3A%2F%2Ft1.daumcdn.net%2Fplace%2FC126874DB0884F2A8F0364CFCF7CF34C,128.62543709046446,34.876351874728094,거제포로수용소유적공원,2025-02-19,2025-02-19,0,"#나들이, #모노레일"
PLACE_SEQ.NEXTVAL,영남루,경남 밀양시 중앙로 324  (우)50431,,매일 09:00 ~ 18:00,정보 없음,055-359-5590,https://place.map.kakao.com/8375158,https://t1.kakaocdn.net/thumb/T800x0.q50/?fname=http%3A%2F%2Ft1.daumcdn.net%2Fplace%2F089AFFFAD1E449A59E780A7AC0E49AEC,128.755078087927,35.4915645571851,영남루,2025-02-19,2025-02-19,0,"#나들이, #단풍명소, #벚꽃명소, #산책로, #포토존"
PLACE_SEQ.NEXTVAL,사천선진리성,경남 사천시 용현면 선진리 1082 일원,,,가능,,https://place.map.kakao.com/7917856,https://t1.kakaocdn.net/thumb/T800x0.q50/?fname=http%3A%2F%2Ft1.daumcdn.net%2Fplace%2F94442C35D02B41E8A6A330C3CB934FB7,128.041295188076,35.0440139169436,사천선진리성,2025-02-19,2025-02-19,0,"#나들이, #드라이브명소, #벚꽃명소, #봄나들이, #산책로, #포토존"
PLACE_SEQ.NEXTVAL,창원의집,경남 창원시 의창구 사림로16번길 59  (우)51150,,화~일 09:00 ~ 18:00,가능,055-284-2600,https://place.map.kakao.com/12489343,https://t1.kakaocdn.net/thumb/T800x0.q50/?fname=http%3A%2F%2Ft1.daumcdn.net%2Fplace%2F15819EDFBA0849259145A1E80CA8245A,128.681581938104,35.2444572258178,창원의집,2025-02-19,2025-02-19,0,"#나들이, #단풍명소, #벚꽃명소, #산책로, #포토존"
PLACE_SEQ.NEXTVAL,월연정,경남 밀양시 용평로 330-7  (우)50432,,,정보 없음,,https://place.map.kakao.com/8036054,https://t1.kakaocdn.net/thumb/T800x0.q50/?fname=https%3A%2F%2Ft1.daumcdn.net%2Flocal%2Freview_placeapp%2FbtqfC2weMO8_nV6PskKRoZXwDrzAKTLV2k_img.jpg,128.779882346892,35.4986880141978,월연정,2025-02-19,2025-02-19,0,"#나들이, #드라이브명소, #산책로, #억새밭, #포토존"
PLACE_SEQ.NEXTVAL,김영삼대통령생가,경남 거제시 장목면 옥포대첩로 743-1  (우)53202,,월요일                                                 (공휴일인경우 정상운영 후 다음날 휴관),정보 없음,055-639-8290,https://place.map.kakao.com/26136654,https://via.placeholder.com/300x200?text=No+Place+Image,128.71519773806,34.9315858080611,김영삼대통령생가,2025-02-19,2025-02-19,0,"#나들이, #포토존"
PLACE_SEQ.NEXTVAL,거연정,경남 함양군 서하면 봉전리 2006,,,정보 없음,,https://place.map.kakao.com/8190815,https://t1.kakaocdn.net/thumb/T800x0.q50/?fname=http%3A%2F%2Ft1.daumcdn.net%2Flocal%2FkakaomapPhoto%2Freview%2Fbd59d2cdc742ba469b2d19e5ccb43c8f107b33a9%3Foriginal,127.737539783236,35.6265680512699,거연정,2025-02-19,2025-02-19,0,"#나들이, #드라이브명소, #산책로, #억새밭"
PLACE_SEQ.NEXTVAL,봉하마을 노무현대통령사저,경남 김해시 진영읍 봉하로 135  (우)50856,,,불가능,055-344-1309,https://place.map.kakao.com/17808344,https://t1.kakaocdn.net/thumb/T800x0.q50/?fname=http%3A%2F%2Ft1.daumcdn.net%2Flocal%2FkakaomapPhoto%2Freview%2Fbcba9bb5a54c5cb07660cd067d5e511a6e24a421%3Foriginal,128.77155593054692,35.3147373688644,봉하마을 노무현대통령사저,2025-02-19,2025-02-19,0,"#나들이, #봄나들이, #이동약자접근"
PLACE_SEQ.NEXTVAL,남계서원,경남 함양군 수동면 남계서원길 8-11  (우)50021,,,정보 없음,055-962-1438,https://place.map.kakao.com/8210446,https://t1.kakaocdn.net/thumb/T800x0.q50/?fname=http%3A%2F%2Ft1.kakaocdn.net%2Ffiy_reboot%2Fplace%2F25F21C2583224825BACCE6290D00627A,127.783264372367,35.5488172255367,남계서원,2025-02-19,2025-02-19,0,"#국화꽃, #나들이, #산책로"
PLACE_SEQ.NEXTVAL,함안말이산고분군,경남 함안군 가야읍 말산리 325-1,,,정보 없음,055-580-2561,https://place.map.kakao.com/17736481,https://t1.kakaocdn.net/thumb/T800x0.q50/?fname=https%3A%2F%2Fblog.kakaocdn.net%2Fdn%2FbpQUzM%2FbtswcJUutms%2Fan3aimnKJzn5tjELvcL6YK%2Fimg.jpg,128.406517507666,35.2704698595357,함안말이산고분군,2025-02-19,2025-02-19,0,"#걷기좋은, #나들이, #단풍명소, #벚꽃명소, #산책로, #포토존, #핑크뮬리명소, #해바라기"
PLACE_SEQ.NEXTVAL,금시당백곡재,경남 밀양시 활성로 24-183  (우)50433,,,정보 없음,,https://place.map.kakao.com/8708435,https://t1.kakaocdn.net/thumb/T800x0.q50/?fname=https%3A%2F%2Fblog.kakaocdn.net%2Fdn%2FChWHF%2FbtsIP7u0CZd%2F1sm1UOKTLBl9Jh8eqbKVZK%2Fimg.jpg,128.7840960076191,35.48711246112778,금시당백곡재,2025-02-19,2025-02-19,0,"#나들이, #단풍명소, #억새밭, #차박, #포토존"
PLACE_SEQ.NEXTVAL,농월정,경남 함양군 안의면 농월정길 9-13  (우)50005,,,가능,,https://place.map.kakao.com/8225017,https://t1.kakaocdn.net/thumb/T800x0.q50/?fname=https%3A%2F%2Fpostfiles.pstatic.net%2FMjAyNDA2MTVfODcg%2FMDAxNzE4Mzk1OTc2NTk4.O-JssnB5JMNLzbGUId3Jo7ezsdybf6Nx4hIxrHAmrO4g._mX-1x8iFiIjJziERoj7RRzlGPFcW1xcgrKm8EHIJLQg.JPEG%2F20240520_140627.jpg%3Ftype%3Dw773,127.77843475335244,35.62389355180699,농월정,2025-02-19,2025-02-19,0,"#나들이, #벚꽃명소, #산책로, #포토존"
PLACE_SEQ.NEXTVAL,광한루원,전북특별자치도 남원시 요천로 1447  (우)55776,,매일 08:00 ~ 20:00 (18:00 ~ 20:00 무료 개장),가능,063-625-4861,https://place.map.kakao.com/12772871,https://t1.kakaocdn.net/thumb/T800x0.q50/?fname=http%3A%2F%2Ft1.daumcdn.net%2Fcfile%2F23247439552CA86830,127.379781364826,35.4039187841942,광한루원,2025-02-19,2025-02-19,0,"#나들이, #벚꽃명소, #포토존, #핑크뮬리명소"
PLACE_SEQ.NEXTVAL,익산미륵사지,전북특별자치도 익산시 금마면 기양리 32-2,,매일 09:00 ~ 18:00,가능,063-830-0900,https://place.map.kakao.com/7890451,https://t1.kakaocdn.net/thumb/T800x0.q50/?fname=http%3A%2F%2Ft1.daumcdn.net%2Fcfile%2F22375E3851F9C8C328,127.031276915824,36.0124162512757,익산미륵사지,2025-02-19,2025-02-19,0,"#나들이, #단풍명소, #백제역사유적지구, #일출명소, #포토존"
PLACE_SEQ.NEXTVAL,고창읍성,전북특별자치도 고창군 고창읍 읍내리 산 9,,,정보 없음,063-560-8067,https://place.map.kakao.com/25050078,https://t1.kakaocdn.net/thumb/T800x0.q50/?fname=http%3A%2F%2Ft1.daumcdn.net%2Flocalfiy%2F344C81B16C6D4900B28596B7A2822040,126.704868949804,35.4297310502044,고창읍성,2025-02-19,2025-02-19,0,"#나들이, #벚꽃명소, #산책로"
PLACE_SEQ.NEXTVAL,경기전,전북특별자치도 전주시 완산구 태조로 44  (우)55042,,매일 09:00 ~ 18:00 (입장마감 17:00),정보 없음,063-281-2788,https://place.map.kakao.com/10170551,https://t1.kakaocdn.net/thumb/T800x0.q50/?fname=http%3A%2F%2Ft1.daumcdn.net%2Fplace%2FE0369607295F4A3C875C3F950CB63035,127.1497232503336,35.81537944320413,경기전,2025-02-19,2025-02-19,0,"#나들이, #포토존"
PLACE_SEQ.NEXTVAL,전주풍패지관,전북특별자치도 전주시 완산구 충경로 59  (우)54999,,,정보 없음,,https://place.map.kakao.com/8515066,https://t1.kakaocdn.net/thumb/T800x0.q50/?fname=http%3A%2F%2Ft1.kakaocdn.net%2Ffiy_reboot%2Fplace%2FD7D35AE88D3F484EBC6BF210F1AE2820,127.14535812657711,35.81846711128674,전주풍패지관,2025-02-19,2025-02-19,0,#나들이
PLACE_SEQ.NEXTVAL,아원고택,전북특별자치도 완주군 소양면 송광수만로 516-7  (우)55348,,매일 11:00 ~ 17:00,불가능,063-241-8195,https://place.map.kakao.com/103288568,https://t1.kakaocdn.net/thumb/T800x0.q50/?fname=http%3A%2F%2Ft1.kakaocdn.net%2Ffiy_reboot%2Fplace%2FD398F5AE300E42F193CA35318B436FD9,127.244621143181,35.9035176790886,아원고택,2025-02-19,2025-02-19,0,"#나들이, #노키즈존, #벚꽃명소, #포토존, #핑크뮬리명소"
PLACE_SEQ.NEXTVAL,전주향교,전북특별자치도 전주시 완산구 향교길 139  (우)55045,,화~일 10:00 ~ 17:00,정보 없음,063-288-4548,https://place.map.kakao.com/8064969,https://via.placeholder.com/300x200?text=No+Place+Image,127.15713397830652,35.81275813126205,전주향교,2025-02-19,2025-02-19,0,"#걷기좋은, #나들이, #단풍명소, #산책로, #포토존"
PLACE_SEQ.NEXTVAL,오목대,전북특별자치도 전주시 완산구 기린대로 55  (우)55045,,화~일 10:00 ~ 18:00,정보 없음,063-281-2114,https://place.map.kakao.com/8458699,https://t1.kakaocdn.net/thumb/T800x0.q50/?fname=http%3A%2F%2Ft1.daumcdn.net%2Fplace%2FF6308235BD604DC3B434CB21CA099E76,127.154583362895,35.8143819050269,오목대,2025-02-19,2025-02-19,0,"#나들이, #단풍명소, #벚꽃명소, #포토존"
PLACE_SEQ.NEXTVAL,호남제일문,전북특별자치도 전주시 덕진구 여의동,,,정보 없음,,https://place.map.kakao.com/8177554,https://t1.kakaocdn.net/thumb/T800x0.q50/?fname=http%3A%2F%2Ft1.daumcdn.net%2Fplace%2F529FB6ED0DD5467A9DCEF69137E1C40D,127.070843245151,35.8694479340632,호남제일문,2025-02-19,2025-02-19,0,
PLACE_SEQ.NEXTVAL,풍남문,전북특별자치도 전주시 완산구 풍남문3길 1  (우)55043,,,정보 없음,063-281-2553,https://place.map.kakao.com/8138264,https://via.placeholder.com/300x200?text=No+Place+Image,127.147579797675,35.8135182865605,풍남문,2025-02-19,2025-02-19,0,"#나들이, #해바라기"
PLACE_SEQ.NEXTVAL,벽골제,전북특별자치도 김제시 부량면 벽골제로 442  (우)54425,,화~일 09:00 ~ 17:00,가능,063-540-4094,https://place.map.kakao.com/10392134,https://t1.kakaocdn.net/thumb/T800x0.q50/?fname=https%3A%2F%2Fpostfiles.pstatic.net%2FMjAyMjA2MjJfMTE0%2FMDAxNjU1ODg1ODI0OTYw._KRB-8G5aacnt3y-W_o50-rHOd1irdz6akhfF7syyCMg.aPj7WX5D-s7kc1rDZZzv2Nz_oxbMGAAEwKepztH-d5Yg.JPEG.me99999%2FIMG_2154.JPG%3Ftype%3Dw773,126.853749381112,35.7547934636796,벽골제,2025-02-19,2025-02-19,0,"#나들이, #드라이브명소, #산책로, #억새밭"
PLACE_SEQ.NEXTVAL,미륵사지석탑,전북특별자치도 익산시 금마면 기양리 97,,,정보 없음,,https://place.map.kakao.com/12753294,https://t1.kakaocdn.net/thumb/T800x0.q50/?fname=http%3A%2F%2Ft1.daumcdn.net%2Flocal%2FkakaomapPhoto%2Freview%2F51318dccd6361df302254cffa86f70010b87a353%3Foriginal,127.03061913925434,36.01246598875019,미륵사지석탑,2025-02-19,2025-02-19,0,"#나들이, #포토존"
PLACE_SEQ.NEXTVAL,옛군산세관,전북특별자치도 군산시 해망로 244-7  (우)54021,,화~일 10:00 ~ 17:00,정보 없음,063-730-8721,https://place.map.kakao.com/8236329,https://t1.kakaocdn.net/thumb/T800x0.q50/?fname=http%3A%2F%2Ft1.daumcdn.net%2Flocal%2FkakaomapPhoto%2Freview%2F38711856f886590110392436fcf115a4c89300a1%3Foriginal,126.7112359403672,35.991075870642184,옛군산세관,2025-02-19,2025-02-19,0,"#나들이, #벚꽃명소, #포토존"
PLACE_SEQ.NEXTVAL,무성서원,전북특별자치도 정읍시 칠보면 원촌1길 44-12  (우)56130,,,가능,,https://place.map.kakao.com/7875980,https://t1.kakaocdn.net/thumb/T800x0.q50/?fname=http%3A%2F%2Ft1.daumcdn.net%2Flocal%2FkakaomapPhoto%2Freview%2F53daa612c84d35313732b27e4ce5de0e4021f3ad%3Foriginal,126.983746573278,35.6018327512833,무성서원,2025-02-19,2025-02-19,0,"#나들이, #단풍명소, #드라이브명소, #벚꽃명소"
PLACE_SEQ.NEXTVAL,한벽굴,전북특별자치도 전주시 완산구 교동 산 7-2,,,정보 없음,,https://place.map.kakao.com/1677311965,https://t1.kakaocdn.net/thumb/T800x0.q50/?fname=http%3A%2F%2Ft1.daumcdn.net%2Flocal%2FkakaomapPhoto%2Freview%2F242296dcedadbcb28991af562d5df89b5fa8d25e%3Foriginal,127.160996296264,35.8120049742108,한벽굴,2025-02-19,2025-02-19,0,"#산책로, #억새밭, #포토존"
PLACE_SEQ.NEXTVAL,담양관방제림,전남 담양군 담양읍 객사리 1,,,정보 없음,,https://place.map.kakao.com/7814251,https://t1.kakaocdn.net/thumb/T800x0.q50/?fname=http%3A%2F%2Ft1.daumcdn.net%2Flocalfiy%2F7194A5F32BE6422FAB895628D7D39335,126.986001960342,35.3238712800985,담양관방제림,2025-02-19,2025-02-19,0,"#나들이, #단풍명소, #산책로, #이동약자접근, #포토존"
PLACE_SEQ.NEXTVAL,소쇄원,전남 담양군 가사문학면 소쇄원길 17  (우)57392,,매일 09:00 ~ 17:00,불가능,061-381-0115,https://place.map.kakao.com/8453598,https://t1.kakaocdn.net/thumb/T800x0.q50/?fname=http%3A%2F%2Ft1.daumcdn.net%2Fcfile%2F01062A0378A3AC789B,127.01226351442529,35.18414216778639,소쇄원,2025-02-19,2025-02-19,0,"#나들이, #단풍명소, #산책로, #포토존"
PLACE_SEQ.NEXTVAL,운림산방,전남 진도군 의신면 운림산방로 315  (우)58934,,"매일 09:00 ~ 17:00 (매표 및 입장마감 16:30, 퇴장시간 17:00)",가능,061-540-6262,https://place.map.kakao.com/11171520,https://t1.kakaocdn.net/thumb/T800x0.q50/?fname=http%3A%2F%2Ft1.kakaocdn.net%2Ffiy_reboot%2Fplace%2F85B48FA897CA442386C8F6F04EA25CB8,126.308532597986,34.4663734250738,운림산방,2025-02-19,2025-02-19,0,"#나들이, #벚꽃명소, #포토존"
PLACE_SEQ.NEXTVAL,다산초당,전남 강진군 도암면 다산초당길 68-35  (우)59248,,,가능,061-430-3911,https://place.map.kakao.com/17434112,https://t1.kakaocdn.net/thumb/T800x0.q50/?fname=http%3A%2F%2Ft1.daumcdn.net%2Fcfile%2Fblog%2F155752504EDF7E082A,126.74985478451552,34.576326721649366,다산초당,2025-02-19,2025-02-19,0,"#나들이, #녹차밭, #산책로"
PLACE_SEQ.NEXTVAL,명옥헌원림,전남 담양군 고서면 후산길 103  (우)57376,,,정보 없음,061-380-3752,https://place.map.kakao.com/7867062,https://t1.kakaocdn.net/thumb/T800x0.q50/?fname=http%3A%2F%2Ft1.daumcdn.net%2Flocalfiy%2FDBA56F3011504D5AB1EADCC28711FDE4,126.996102965041,35.2196299104694,명옥헌원림,2025-02-19,2025-02-19,0,"#나들이, #포토존"
PLACE_SEQ.NEXTVAL,영랑생가,전남 강진군 강진읍 영랑생가길 15  (우)59228,,,정보 없음,061-430-3377,https://place.map.kakao.com/8007169,https://t1.kakaocdn.net/thumb/T800x0.q50/?fname=http%3A%2F%2Ft1.daumcdn.net%2Fplace%2F47F1567F6E1449BF8FFF487F715908D0,126.765315073774,34.6422670211937,영랑생가,2025-02-19,2025-02-19,0,"#나들이, #녹차밭, #포토존"
PLACE_SEQ.NEXTVAL,운조루,전남 구례군 토지면 운조루길 59  (우)57624,,,정보 없음,,https://place.map.kakao.com/25025765,https://t1.kakaocdn.net/thumb/T800x0.q50/?fname=http%3A%2F%2Ft1.daumcdn.net%2Flocalfiy%2Fsearchregister_358335656,127.51535802855278,35.20616488305656,운조루,2025-02-19,2025-02-19,0,"#나들이, #벚꽃명소"
PLACE_SEQ.NEXTVAL,화순고인돌유적,전남 화순군 도곡면 효산리 64,,,가능,061-379-3933,https://place.map.kakao.com/11197502,https://t1.kakaocdn.net/thumb/T800x0.q50/?fname=http%3A%2F%2Ft1.daumcdn.net%2Fplace%2FA53476C872CF4AE89A82739374932BD6,126.918540473304,34.9855389612152,화순고인돌유적,2025-02-19,2025-02-19,0,"#나들이, #맨발걷기, #벚꽃명소, #산책로, #억새밭, #유채꽃, #포토존, #해바라기"
PLACE_SEQ.NEXTVAL,진남관 (2025년 4월 예정),전남 여수시 동문로 11  (우)59731,,,가능,061-659-5711,https://place.map.kakao.com/8076535,https://t1.kakaocdn.net/thumb/T800x0.q50/?fname=http%3A%2F%2Ft1.daumcdn.net%2Fcfile%2F25774C4C5507D4183C,127.736622604701,34.7419644365358,진남관 (2025년 4월 예정),2025-02-19,2025-02-19,0,#나들이
PLACE_SEQ.NEXTVAL,금성관,전남 나주시 금성관길 8  (우)58257,,,정보 없음,,https://place.map.kakao.com/8238810,https://t1.kakaocdn.net/thumb/T800x0.q50/?fname=http%3A%2F%2Ft1.daumcdn.net%2Flocal%2FkakaomapPhoto%2Freview%2F67e0db8fd82761344b6dc27447fd2159c54d2966%3Foriginal,126.716496961539,35.0333653027084,금성관,2025-02-19,2025-02-19,0,"#나들이, #벚꽃명소"
PLACE_SEQ.NEXTVAL,왕인박사유적지,전남 영암군 군서면 왕인로 440  (우)58434,,매일 09:00 ~ 18:00,가능,061-470-6643,https://place.map.kakao.com/10626030,https://t1.kakaocdn.net/thumb/T800x0.q50/?fname=https%3A%2F%2Ft1.daumcdn.net%2Flocal%2Freview_placeapp%2FoWaiRtJODV_tRx01kkeg9qLBYmBrbMgu0_2083d4e011f4ce690b9027523b6e24fe0b0c9464.jpg,126.63048926682735,34.75567441027951,왕인박사유적지,2025-02-19,2025-02-19,0,"#벚꽃명소, #봄나들이, #전시공간, #포토존, #핑크뮬리명소"
PLACE_SEQ.NEXTVAL,필암서원,전남 장성군 황룡면 필암서원로 184  (우)57223,,,정보 없음,,https://place.map.kakao.com/8136045,https://t1.kakaocdn.net/thumb/T800x0.q50/?fname=http%3A%2F%2Ft1.daumcdn.net%2Fplace%2FD33A5FDD84F1437E8B2516322EB26FBD,126.751732619488,35.3103279466938,필암서원,2025-02-19,2025-02-19,0,"#나들이, #단풍명소, #벚꽃명소, #산책로"
PLACE_SEQ.NEXTVAL,고산윤선도유적지,전남 해남군 해남읍 녹우당길 135  (우)59046,,,정보 없음,061-530-5856,https://place.map.kakao.com/10162737,https://t1.kakaocdn.net/thumb/T800x0.q50/?fname=http%3A%2F%2Ft1.daumcdn.net%2Flocal%2FkakaomapPhoto%2Freview%2Fb94f2d34222b4b3e136a1a4420198702543d92e5%3Foriginal,126.622552728792,34.5512819331475,고산윤선도유적지,2025-02-19,2025-02-19,0,"#나들이, #단풍명소, #산책로, #일출명소, #포토존, #해바라기"
PLACE_SEQ.NEXTVAL,사의재,전남 강진군 강진읍 사의재길 27  (우)59226,,매일 09:00 ~ 18:00,정보 없음,061-433-3223,https://place.map.kakao.com/13133833,https://t1.kakaocdn.net/thumb/T800x0.q50/?fname=http%3A%2F%2Ft1.daumcdn.net%2Fplace%2FE52DBB9069F3472AAC1B38EB1209D9AC,126.770506101284,34.6441122194177,사의재,2025-02-19,2025-02-19,0,"#나들이, #포토존"
PLACE_SEQ.NEXTVAL,김대중대통령생가,전남 신안군 하의면 후광길 255  (우)58855,,,정보 없음,061-275-5020,https://place.map.kakao.com/10216197,https://t1.kakaocdn.net/thumb/T800x0.q50/?fname=https%3A%2F%2Fpostfiles.pstatic.net%2FMjAyMjExMzBfMzgg%2FMDAxNjY5NzY2NDA0ODIy.Fp-ExjwlZ-d4Uk2q12BvfGxKtGxSsofVdUWWZkk4Gogg.ztedh5iI1iQhNr0N45RdoH-4YV3kGOF7QKjB6iEN09Ag.JPEG.claemb%2FIMG_2216.jpg%3Ftype%3Dw966,126.029648626135,34.6318791646106,김대중대통령생가,2025-02-19,2025-02-19,0,
PLACE_SEQ.NEXTVAL,제주4.3평화공원,제주특별자치도 제주시 명림로 430  (우)63313,,화~일 09:00 ~ 18:00,불가능,064-723-4344,https://place.map.kakao.com/8067272,https://t1.kakaocdn.net/thumb/T800x0.q50/?fname=http%3A%2F%2Ft1.daumcdn.net%2Flocalfiy%2FE7BF781EFC924F21B8DE7C80F39A75E4,126.617926781579,33.4512683466763,제주4.3평화공원,2025-02-19,2025-02-19,0,"#걷기좋은, #나들이, #제주4.3유적"
PLACE_SEQ.NEXTVAL,항파두리 항몽유적지,제주특별자치도 제주시 애월읍 항파두리로 50  (우)63057,,매일 09:00 ~ 18:00,가능,064-710-6726,https://place.map.kakao.com/8641860,https://via.placeholder.com/300x200?text=No+Place+Image,126.407922584204,33.4527478729655,항파두리 항몽유적지,2025-02-19,2025-02-19,0,"#나들이, #녹차밭, #단풍명소, #벚꽃명소, #산책로, #수국명소, #억새밭, #유채꽃, #포토존, #해바라기"
PLACE_SEQ.NEXTVAL,관덕정,제주특별자치도 제주시 관덕로 19  (우)63166,,매일 09:00 ~ 18:00,정보 없음,,https://place.map.kakao.com/8671789,https://t1.kakaocdn.net/thumb/T800x0.q50/?fname=https%3A%2F%2Fpostfiles.pstatic.net%2FMjAyNDA5MTlfNiAg%2FMDAxNzI2NzQ4NzY4MTU5.tTiN3y1WCbDBP5wCPN3zESagHf5sYfnKMjM4gbShLBgg.fbHrGbigScOTBZS2UqRBZI6W_02zsXttAoUUeAVHaP4g.JPEG%2FIMG_8075.JPG%3Ftype%3Dw966,126.52145710447,33.5133491505552,관덕정,2025-02-19,2025-02-19,0,#나들이
PLACE_SEQ.NEXTVAL,삼성혈,제주특별자치도 제주시 삼성로 22  (우)63197,,"매일 09:00 ~ 18:00 (1/1,설,추석당일은 10:00 개장)",가능,,https://place.map.kakao.com/7923901,https://t1.kakaocdn.net/thumb/T800x0.q50/?fname=http%3A%2F%2Ft1.daumcdn.net%2Fplace%2FB4D74081171A4C8784AF55B5B0F4B6E1,126.52876306017112,33.50442796435783,삼성혈,2025-02-19,2025-02-19,0,"#나들이, #벚꽃명소, #봄나들이, #산책로, #수국명소, #포토존"
PLACE_SEQ.NEXTVAL,제주목 관아,제주특별자치도 제주시 관덕로 25  (우)63166,,매일 09:00 ~ 18:00,정보 없음,,https://place.map.kakao.com/10805294,https://t1.kakaocdn.net/thumb/T800x0.q50/?fname=http%3A%2F%2Ft1.kakaocdn.net%2Ffiy_reboot%2Fplace%2F6EE88BC1596E43A88460198A4C8FDA99,126.522003486182,33.5142023610171,제주목 관아,2025-02-19,2025-02-19,0,"#나들이, #벚꽃명소, #포토존"
PLACE_SEQ.NEXTVAL,별방진,제주특별자치도 제주시 구좌읍 하도리 3354,,,정보 없음,064-728-8662,https://place.map.kakao.com/10375099,https://t1.kakaocdn.net/thumb/T800x0.q50/?fname=http%3A%2F%2Ft1.daumcdn.net%2Fplace%2F93B3162B02EB4AA887FB371E2F775305,126.882898730735,33.5267719838211,별방진,2025-02-19,2025-02-19,0,"#나들이, #드라이브명소, #벚꽃명소, #봄나들이, #유채꽃, #일출명소, #포토존"
PLACE_SEQ.NEXTVAL,위미동백나무군락,제주특별자치도 서귀포시 남원읍 위미리 903-1,,,정보 없음,,https://place.map.kakao.com/26980153,https://via.placeholder.com/300x200?text=No+Place+Image,126.67473058287,33.2729387205764,위미동백나무군락,2025-02-19,2025-02-19,0,#나들이
PLACE_SEQ.NEXTVAL,알뜨르비행장,제주특별자치도 서귀포시 대정읍 상모리 1670,,,정보 없음,,https://place.map.kakao.com/25047260,https://via.placeholder.com/300x200?text=No+Place+Image,126.271527320164,33.2047161778831,알뜨르비행장,2025-02-19,2025-02-19,0,"#나들이, #산책로, #포토존"
PLACE_SEQ.NEXTVAL,추사유배지,제주특별자치도 서귀포시 대정읍 추사로 44  (우)63517,,화~일 09:00 ~ 18:00 (입장마감시간 17:30),정보 없음,,https://place.map.kakao.com/12735918,https://t1.kakaocdn.net/thumb/T800x0.q50/?fname=http%3A%2F%2Ft1.daumcdn.net%2Flocal%2FkakaomapPhoto%2Freview%2F08a156f77e38685a634b1a2b03002939074c61f80883cbd9f33f3a78c5fc273f,126.278196318407,33.2504056192256,추사유배지,2025-02-19,2025-02-19,0,#나들이
PLACE_SEQ.NEXTVAL,산천단,제주특별자치도 제주시 아라일동 375-4,,,가능,,https://place.map.kakao.com/11053768,https://t1.kakaocdn.net/thumb/T800x0.q50/?fname=http%3A%2F%2Ft1.daumcdn.net%2Flocal%2FkakaomapPhoto%2Freview%2Fae224623443183b657ba3150d750f57714bb0ce2%3Foriginal,126.554161509656,33.4475067639852,산천단,2025-02-19,2025-02-19,0,"#나들이, #산책로"
PLACE_SEQ.NEXTVAL,대정성지,제주특별자치도 서귀포시 대정읍 안성리 1644-1,,,정보 없음,,https://place.map.kakao.com/8294474,https://t1.kakaocdn.net/thumb/T800x0.q50/?fname=http%3A%2F%2Ft1.kakaocdn.net%2Ffiy_reboot%2Fplace%2F931109DF6740406494BB0AF8E9CE5DD4,126.27870213978797,33.24983332553341,대정성지,2025-02-19,2025-02-19,0,"#성지순례, #유채꽃"
PLACE_SEQ.NEXTVAL,제주성지,제주특별자치도 제주시 오현길 61  (우)63192,,,정보 없음,,https://place.map.kakao.com/10795473,https://t1.kakaocdn.net/thumb/T800x0.q50/?fname=http%3A%2F%2Ft1.daumcdn.net%2Flocal%2FkakaomapPhoto%2Freview%2F2e80b265d92169b568a4b635045a476c3316a25c%3Foriginal,126.52550101208912,33.51015955166835,제주성지,2025-02-19,2025-02-19,0,#산책로
PLACE_SEQ.NEXTVAL,항파두리 항몽유적지 나홀로나무,제주특별자치도 제주시 애월읍 상귀리 963-1,,,정보 없음,,https://place.map.kakao.com/2008460705,https://t1.kakaocdn.net/thumb/T800x0.q50/?fname=http%3A%2F%2Ft1.daumcdn.net%2Flocal%2FkakaomapPhoto%2Freview%2F9f20b855868978575aa235e43fafae3de92ec015%3Foriginal,126.406260273548,33.4498331901029,항파두리 항몽유적지 나홀로나무,2025-02-19,2025-02-19,0,"#녹차밭, #벚꽃명소, #일출명소, #포토존, #해바라기"
PLACE_SEQ.NEXTVAL,감사공묘역,제주특별자치도 제주시 조천읍 함대로 362  (우)63335,,,정보 없음,,https://place.map.kakao.com/235344963,https://t1.kakaocdn.net/thumb/T800x0.q50/?fname=http%3A%2F%2Ft1.daumcdn.net%2Fplace%2F0515C4DC032A4B7F8745727C46368CD8,126.660863344065,33.5130050070557,감사공묘역,2025-02-19,2025-02-19,0,"#겹벚꽃명소, #나들이, #단풍명소, #벚꽃명소, #봄나들이, #포토존"
PLACE_SEQ.NEXTVAL,제주향교,제주특별자치도 제주시 서문로 43  (우)63153,,,정보 없음,064-757-0976,https://place.map.kakao.com/9937633,https://t1.kakaocdn.net/thumb/T800x0.q50/?fname=http%3A%2F%2Ft1.kakaocdn.net%2Ffiy_reboot%2Fplace%2FE7A1430F241948CFA7589DA36133F881,126.51561231186048,33.511103113571856,제주향교,2025-02-19,2025-02-19,0,#벚꽃명소
